image_id,identity_id,status,id_sim,note,path
syn_Abdullah_Gul_00,Abdullah_Gul,accepted,0.565579,ok,processed/synth/syn-plusv2/Abdullah_Gul/Abdullah_Gul_plusv2_00.png
syn_Abdullah_Gul_01,Abdullah_Gul,accepted,0.646372,ok,processed/synth/syn-plusv2/Abdullah_Gul/Abdullah_Gul_plusv2_01.png
syn_Abdullah_Gul_02,Abdullah_Gul,rejected,0.619579,redundant,processed/synth/syn-plusv2/Abdullah_Gul/Abdullah_Gul_plusv2_02.png
syn_Abdullah_Gul_03,Abdullah_Gul,accepted,0.590389,ok,processed/synth/syn-plusv2/Abdullah_Gul/Abdullah_Gul_plusv2_03.png
syn_Abdullah_Gul_04,Abdullah_Gul,accepted,0.620117,ok,processed/synth/syn-plusv2/Abdullah_Gul/Abdullah_Gul_plusv2_04.png
syn_Abdullah_Gul_05,Abdullah_Gul,accepted,0.626978,ok,processed/synth/syn-plusv2/Abdullah_Gul/Abdullah_Gul_plusv2_05.png
syn_Abdullah_Gul_06,Abdullah_Gul,accepted,0.620699,ok,processed/synth/syn-plusv2/Abdullah_Gul/Abdullah_Gul_plusv2_06.png
syn_Abdullah_Gul_07,Abdullah_Gul,rejected,0.661162,redundant,processed/synth/syn-plusv2/Abdullah_Gul/Abdullah_Gul_plusv2_07.png
syn_Abdullah_Gul_08,Abdullah_Gul,accepted,0.608667,ok,processed/synth/syn-plusv2/Abdullah_Gul/Abdullah_Gul_plusv2_08.png
syn_Abdullah_Gul_09,Abdullah_Gul,accepted,0.615825,ok,processed/synth/syn-plusv2/Abdullah_Gul/Abdullah_Gul_plusv2_09.png
syn_Alejandro_Toledo_00,Alejandro_Toledo,accepted,0.623004,ok,processed/synth/syn-plusv2/Alejandro_Toledo/Alejandro_Toledo_plusv2_00.png
syn_Alejandro_Toledo_01,Alejandro_Toledo,accepted,0.614425,ok,processed/synth/syn-plusv2/Alejandro_Toledo/Alejandro_Toledo_plusv2_01.png
syn_Alejandro_Toledo_02,Alejandro_Toledo,rejected,0.446111,ok,processed/synth/syn-plusv2/Alejandro_Toledo/Alejandro_Toledo_plusv2_02.png
syn_Alejandro_Toledo_03,Alejandro_Toledo,accepted,0.601885,ok,processed/synth/syn-plusv2/Alejandro_Toledo/Alejandro_Toledo_plusv2_03.png
syn_Alejandro_Toledo_04,Alejandro_Toledo,accepted,0.552830,ok,processed/synth/syn-plusv2/Alejandro_Toledo/Alejandro_Toledo_plusv2_04.png
syn_Alejandro_Toledo_05,Alejandro_Toledo,accepted,0.614410,ok,processed/synth/syn-plusv2/Alejandro_Toledo/Alejandro_Toledo_plusv2_05.png
syn_Alejandro_Toledo_06,Alejandro_Toledo,accepted,0.565356,ok,processed/synth/syn-plusv2/Alejandro_Toledo/Alejandro_Toledo_plusv2_06.png
syn_Alejandro_Toledo_07,Alejandro_Toledo,rejected,0.670772,redundant,processed/synth/syn-plusv2/Alejandro_Toledo/Alejandro_Toledo_plusv2_07.png
syn_Alejandro_Toledo_08,Alejandro_Toledo,accepted,0.503627,ok,processed/synth/syn-plusv2/Alejandro_Toledo/Alejandro_Toledo_plusv2_08.png
syn_Alejandro_Toledo_09,Alejandro_Toledo,accepted,0.626663,ok,processed/synth/syn-plusv2/Alejandro_Toledo/Alejandro_Toledo_plusv2_09.png
syn_Alvaro_Uribe_00,Alvaro_Uribe,accepted,0.587177,ok,processed/synth/syn-plusv2/Alvaro_Uribe/Alvaro_Uribe_plusv2_00.png
syn_Alvaro_Uribe_01,Alvaro_Uribe,rejected,0.683554,redundant,processed/synth/syn-plusv2/Alvaro_Uribe/Alvaro_Uribe_plusv2_01.png
syn_Alvaro_Uribe_02,Alvaro_Uribe,accepted,0.616636,ok,processed/synth/syn-plusv2/Alvaro_Uribe/Alvaro_Uribe_plusv2_02.png
syn_Alvaro_Uribe_03,Alvaro_Uribe,accepted,0.669163,ok,processed/synth/syn-plusv2/Alvaro_Uribe/Alvaro_Uribe_plusv2_03.png
syn_Alvaro_Uribe_04,Alvaro_Uribe,accepted,0.632547,ok,processed/synth/syn-plusv2/Alvaro_Uribe/Alvaro_Uribe_plusv2_04.png
syn_Alvaro_Uribe_05,Alvaro_Uribe,accepted,0.584475,ok,processed/synth/syn-plusv2/Alvaro_Uribe/Alvaro_Uribe_plusv2_05.png
syn_Alvaro_Uribe_06,Alvaro_Uribe,rejected,0.442462,ok,processed/synth/syn-plusv2/Alvaro_Uribe/Alvaro_Uribe_plusv2_06.png
syn_Alvaro_Uribe_07,Alvaro_Uribe,accepted,0.586278,ok,processed/synth/syn-plusv2/Alvaro_Uribe/Alvaro_Uribe_plusv2_07.png
syn_Alvaro_Uribe_08,Alvaro_Uribe,accepted,0.612457,ok,processed/synth/syn-plusv2/Alvaro_Uribe/Alvaro_Uribe_plusv2_08.png
syn_Alvaro_Uribe_09,Alvaro_Uribe,accepted,0.549778,ok,processed/synth/syn-plusv2/Alvaro_Uribe/Alvaro_Uribe_plusv2_09.png
syn_Amelie_Mauresmo_00,Amelie_Mauresmo,rejected,0.710931,redundant,processed/synth/syn-plusv2/Amelie_Mauresmo/Amelie_Mauresmo_plusv2_00.png
syn_Amelie_Mauresmo_01,Amelie_Mauresmo,accepted,0.715555,ok,processed/synth/syn-plusv2/Amelie_Mauresmo/Amelie_Mauresmo_plusv2_01.png
syn_Amelie_Mauresmo_02,Amelie_Mauresmo,accepted,0.688884,ok,processed/synth/syn-plusv2/Amelie_Mauresmo/Amelie_Mauresmo_plusv2_02.png
syn_Amelie_Mauresmo_03,Amelie_Mauresmo,accepted,0.701153,ok,processed/synth/syn-plusv2/Amelie_Mauresmo/Amelie_Mauresmo_plusv2_03.png
syn_Amelie_Mauresmo_04,Amelie_Mauresmo,accepted,0.690713,ok,processed/synth/syn-plusv2/Amelie_Mauresmo/Amelie_Mauresmo_plusv2_04.png
syn_Amelie_Mauresmo_05,Amelie_Mauresmo,accepted,0.675188,ok,processed/synth/syn-plusv2/Amelie_Mauresmo/Amelie_Mauresmo_plusv2_05.png
syn_Amelie_Mauresmo_06,Amelie_Mauresmo,accepted,0.591295,ok,processed/synth/syn-plusv2/Amelie_Mauresmo/Amelie_Mauresmo_plusv2_06.png
syn_Amelie_Mauresmo_07,Amelie_Mauresmo,accepted,0.671917,ok,processed/synth/syn-plusv2/Amelie_Mauresmo/Amelie_Mauresmo_plusv2_07.png
syn_Amelie_Mauresmo_08,Amelie_Mauresmo,accepted,0.573021,ok,processed/synth/syn-plusv2/Amelie_Mauresmo/Amelie_Mauresmo_plusv2_08.png
syn_Amelie_Mauresmo_09,Amelie_Mauresmo,rejected,0.699686,redundant,processed/synth/syn-plusv2/Amelie_Mauresmo/Amelie_Mauresmo_plusv2_09.png
syn_Andre_Agassi_00,Andre_Agassi,accepted,0.571723,ok,processed/synth/syn-plusv2/Andre_Agassi/Andre_Agassi_plusv2_00.png
syn_Andre_Agassi_01,Andre_Agassi,accepted,0.561176,ok,processed/synth/syn-plusv2/Andre_Agassi/Andre_Agassi_plusv2_01.png
syn_Andre_Agassi_02,Andre_Agassi,accepted,0.577482,ok,processed/synth/syn-plusv2/Andre_Agassi/Andre_Agassi_plusv2_02.png
syn_Andre_Agassi_03,Andre_Agassi,accepted,0.613578,ok,processed/synth/syn-plusv2/Andre_Agassi/Andre_Agassi_plusv2_03.png
syn_Andre_Agassi_04,Andre_Agassi,rejected,0.420328,ok,processed/synth/syn-plusv2/Andre_Agassi/Andre_Agassi_plusv2_04.png
syn_Andre_Agassi_05,Andre_Agassi,accepted,0.505684,ok,processed/synth/syn-plusv2/Andre_Agassi/Andre_Agassi_plusv2_05.png
syn_Andre_Agassi_06,Andre_Agassi,accepted,0.565841,ok,processed/synth/syn-plusv2/Andre_Agassi/Andre_Agassi_plusv2_06.png
syn_Andre_Agassi_07,Andre_Agassi,accepted,0.563623,ok,processed/synth/syn-plusv2/Andre_Agassi/Andre_Agassi_plusv2_07.png
syn_Andre_Agassi_08,Andre_Agassi,accepted,0.567182,ok,processed/synth/syn-plusv2/Andre_Agassi/Andre_Agassi_plusv2_08.png
syn_Andre_Agassi_09,Andre_Agassi,rejected,0.428151,ok,processed/synth/syn-plusv2/Andre_Agassi/Andre_Agassi_plusv2_09.png
syn_Andy_Roddick_00,Andy_Roddick,accepted,0.560158,ok,processed/synth/syn-plusv2/Andy_Roddick/Andy_Roddick_plusv2_00.png
syn_Andy_Roddick_01,Andy_Roddick,accepted,0.625471,ok,processed/synth/syn-plusv2/Andy_Roddick/Andy_Roddick_plusv2_01.png
syn_Andy_Roddick_02,Andy_Roddick,rejected,0.661102,redundant,processed/synth/syn-plusv2/Andy_Roddick/Andy_Roddick_plusv2_02.png
syn_Andy_Roddick_03,Andy_Roddick,accepted,0.646749,ok,processed/synth/syn-plusv2/Andy_Roddick/Andy_Roddick_plusv2_03.png
syn_Andy_Roddick_04,Andy_Roddick,accepted,0.615972,ok,processed/synth/syn-plusv2/Andy_Roddick/Andy_Roddick_plusv2_04.png
syn_Andy_Roddick_05,Andy_Roddick,accepted,0.645777,ok,processed/synth/syn-plusv2/Andy_Roddick/Andy_Roddick_plusv2_05.png
syn_Andy_Roddick_06,Andy_Roddick,accepted,0.625140,ok,processed/synth/syn-plusv2/Andy_Roddick/Andy_Roddick_plusv2_06.png
syn_Andy_Roddick_07,Andy_Roddick,accepted,0.615402,ok,processed/synth/syn-plusv2/Andy_Roddick/Andy_Roddick_plusv2_07.png
syn_Andy_Roddick_08,Andy_Roddick,rejected,0.698187,redundant,processed/synth/syn-plusv2/Andy_Roddick/Andy_Roddick_plusv2_08.png
syn_Andy_Roddick_09,Andy_Roddick,accepted,0.652623,ok,processed/synth/syn-plusv2/Andy_Roddick/Andy_Roddick_plusv2_09.png
syn_Angelina_Jolie_00,Angelina_Jolie,rejected,0.685411,redundant,processed/synth/syn-plusv2/Angelina_Jolie/Angelina_Jolie_plusv2_00.png
syn_Angelina_Jolie_01,Angelina_Jolie,accepted,0.757264,ok,processed/synth/syn-plusv2/Angelina_Jolie/Angelina_Jolie_plusv2_01.png
syn_Angelina_Jolie_02,Angelina_Jolie,accepted,0.688871,ok,processed/synth/syn-plusv2/Angelina_Jolie/Angelina_Jolie_plusv2_02.png
syn_Angelina_Jolie_03,Angelina_Jolie,accepted,0.685048,ok,processed/synth/syn-plusv2/Angelina_Jolie/Angelina_Jolie_plusv2_03.png
syn_Angelina_Jolie_04,Angelina_Jolie,accepted,0.697513,ok,processed/synth/syn-plusv2/Angelina_Jolie/Angelina_Jolie_plusv2_04.png
syn_Angelina_Jolie_05,Angelina_Jolie,accepted,0.645322,ok,processed/synth/syn-plusv2/Angelina_Jolie/Angelina_Jolie_plusv2_05.png
syn_Angelina_Jolie_06,Angelina_Jolie,rejected,0.337219,ok,processed/synth/syn-plusv2/Angelina_Jolie/Angelina_Jolie_plusv2_06.png
syn_Angelina_Jolie_07,Angelina_Jolie,accepted,0.640829,ok,processed/synth/syn-plusv2/Angelina_Jolie/Angelina_Jolie_plusv2_07.png
syn_Angelina_Jolie_08,Angelina_Jolie,accepted,0.681694,ok,processed/synth/syn-plusv2/Angelina_Jolie/Angelina_Jolie_plusv2_08.png
syn_Angelina_Jolie_09,Angelina_Jolie,accepted,0.709802,ok,processed/synth/syn-plusv2/Angelina_Jolie/Angelina_Jolie_plusv2_09.png
syn_Ariel_Sharon_00,Ariel_Sharon,accepted,0.601198,ok,processed/synth/syn-plusv2/Ariel_Sharon/Ariel_Sharon_plusv2_00.png
syn_Ariel_Sharon_01,Ariel_Sharon,accepted,0.620462,ok,processed/synth/syn-plusv2/Ariel_Sharon/Ariel_Sharon_plusv2_01.png
syn_Ariel_Sharon_02,Ariel_Sharon,accepted,0.538868,ok,processed/synth/syn-plusv2/Ariel_Sharon/Ariel_Sharon_plusv2_02.png
syn_Ariel_Sharon_03,Ariel_Sharon,accepted,0.636158,ok,processed/synth/syn-plusv2/Ariel_Sharon/Ariel_Sharon_plusv2_03.png
syn_Ariel_Sharon_04,Ariel_Sharon,rejected,0.667435,redundant,processed/synth/syn-plusv2/Ariel_Sharon/Ariel_Sharon_plusv2_04.png
syn_Ariel_Sharon_05,Ariel_Sharon,accepted,0.668202,ok,processed/synth/syn-plusv2/Ariel_Sharon/Ariel_Sharon_plusv2_05.png
syn_Ariel_Sharon_06,Ariel_Sharon,accepted,0.686783,ok,processed/synth/syn-plusv2/Ariel_Sharon/Ariel_Sharon_plusv2_06.png
syn_Ariel_Sharon_07,Ariel_Sharon,accepted,0.732068,ok,processed/synth/syn-plusv2/Ariel_Sharon/Ariel_Sharon_plusv2_07.png
syn_Ariel_Sharon_08,Ariel_Sharon,rejected,0.700050,redundant,processed/synth/syn-plusv2/Ariel_Sharon/Ariel_Sharon_plusv2_08.png
syn_Ariel_Sharon_09,Ariel_Sharon,accepted,0.704819,ok,processed/synth/syn-plusv2/Ariel_Sharon/Ariel_Sharon_plusv2_09.png
syn_Arnold_Schwarzenegger_00,Arnold_Schwarzenegger,rejected,0.734481,redundant,processed/synth/syn-plusv2/Arnold_Schwarzenegger/Arnold_Schwarzenegger_plusv2_00.png
syn_Arnold_Schwarzenegger_01,Arnold_Schwarzenegger,accepted,0.719114,ok,processed/synth/syn-plusv2/Arnold_Schwarzenegger/Arnold_Schwarzenegger_plusv2_01.png
syn_Arnold_Schwarzenegger_02,Arnold_Schwarzenegger,accepted,0.689421,ok,processed/synth/syn-plusv2/Arnold_Schwarzenegger/Arnold_Schwarzenegger_plusv2_02.png
syn_Arnold_Schwarzenegger_03,Arnold_Schwarzenegger,accepted,0.720155,ok,processed/synth/syn-plusv2/Arnold_Schwarzenegger/Arnold_Schwarzenegger_plusv2_03.png
syn_Arnold_Schwarzenegger_04,Arnold_Schwarzenegger,rejected,0.731914,redundant,processed/synth/syn-plusv2/Arnold_Schwarzenegger/Arnold_Schwarzenegger_plusv2_04.png
syn_Arnold_Schwarzenegger_05,Arnold_Schwarzenegger,accepted,0.644735,ok,processed/synth/syn-plusv2/Arnold_Schwarzenegger/Arnold_Schwarzenegger_plusv2_05.png
syn_Arnold_Schwarzenegger_06,Arnold_Schwarzenegger,accepted,0.673028,ok,processed/synth/syn-plusv2/Arnold_Schwarzenegger/Arnold_Schwarzenegger_plusv2_06.png
syn_Arnold_Schwarzenegger_07,Arnold_Schwarzenegger,accepted,0.641444,ok,processed/synth/syn-plusv2/Arnold_Schwarzenegger/Arnold_Schwarzenegger_plusv2_07.png
syn_Arnold_Schwarzenegger_08,Arnold_Schwarzenegger,accepted,0.648084,ok,processed/synth/syn-plusv2/Arnold_Schwarzenegger/Arnold_Schwarzenegger_plusv2_08.png
syn_Arnold_Schwarzenegger_09,Arnold_Schwarzenegger,accepted,0.520196,ok,processed/synth/syn-plusv2/Arnold_Schwarzenegger/Arnold_Schwarzenegger_plusv2_09.png
syn_Atal_Bihari_Vajpayee_00,Atal_Bihari_Vajpayee,accepted,0.680019,ok,processed/synth/syn-plusv2/Atal_Bihari_Vajpayee/Atal_Bihari_Vajpayee_plusv2_00.png
syn_Atal_Bihari_Vajpayee_01,Atal_Bihari_Vajpayee,accepted,0.701766,ok,processed/synth/syn-plusv2/Atal_Bihari_Vajpayee/Atal_Bihari_Vajpayee_plusv2_01.png
syn_Atal_Bihari_Vajpayee_02,Atal_Bihari_Vajpayee,accepted,0.701539,ok,processed/synth/syn-plusv2/Atal_Bihari_Vajpayee/Atal_Bihari_Vajpayee_plusv2_02.png
syn_Atal_Bihari_Vajpayee_03,Atal_Bihari_Vajpayee,rejected,0.698214,redundant,processed/synth/syn-plusv2/Atal_Bihari_Vajpayee/Atal_Bihari_Vajpayee_plusv2_03.png
syn_Atal_Bihari_Vajpayee_04,Atal_Bihari_Vajpayee,accepted,0.635622,ok,processed/synth/syn-plusv2/Atal_Bihari_Vajpayee/Atal_Bihari_Vajpayee_plusv2_04.png
syn_Atal_Bihari_Vajpayee_05,Atal_Bihari_Vajpayee,rejected,0.712936,redundant,processed/synth/syn-plusv2/Atal_Bihari_Vajpayee/Atal_Bihari_Vajpayee_plusv2_05.png
syn_Atal_Bihari_Vajpayee_06,Atal_Bihari_Vajpayee,accepted,0.685825,ok,processed/synth/syn-plusv2/Atal_Bihari_Vajpayee/Atal_Bihari_Vajpayee_plusv2_06.png
syn_Atal_Bihari_Vajpayee_07,Atal_Bihari_Vajpayee,accepted,0.715967,ok,processed/synth/syn-plusv2/Atal_Bihari_Vajpayee/Atal_Bihari_Vajpayee_plusv2_07.png
syn_Atal_Bihari_Vajpayee_08,Atal_Bihari_Vajpayee,accepted,0.618026,ok,processed/synth/syn-plusv2/Atal_Bihari_Vajpayee/Atal_Bihari_Vajpayee_plusv2_08.png
syn_Atal_Bihari_Vajpayee_09,Atal_Bihari_Vajpayee,accepted,0.711920,ok,processed/synth/syn-plusv2/Atal_Bihari_Vajpayee/Atal_Bihari_Vajpayee_plusv2_09.png
syn_Bill_Clinton_00,Bill_Clinton,accepted,0.601474,ok,processed/synth/syn-plusv2/Bill_Clinton/Bill_Clinton_plusv2_00.png
syn_Bill_Clinton_01,Bill_Clinton,accepted,0.604405,ok,processed/synth/syn-plusv2/Bill_Clinton/Bill_Clinton_plusv2_01.png
syn_Bill_Clinton_02,Bill_Clinton,accepted,0.593523,ok,processed/synth/syn-plusv2/Bill_Clinton/Bill_Clinton_plusv2_02.png
syn_Bill_Clinton_03,Bill_Clinton,rejected,0.618718,redundant,processed/synth/syn-plusv2/Bill_Clinton/Bill_Clinton_plusv2_03.png
syn_Bill_Clinton_04,Bill_Clinton,accepted,0.580988,ok,processed/synth/syn-plusv2/Bill_Clinton/Bill_Clinton_plusv2_04.png
syn_Bill_Clinton_05,Bill_Clinton,rejected,0.603519,redundant,processed/synth/syn-plusv2/Bill_Clinton/Bill_Clinton_plusv2_05.png
syn_Bill_Clinton_06,Bill_Clinton,accepted,0.566072,ok,processed/synth/syn-plusv2/Bill_Clinton/Bill_Clinton_plusv2_06.png
syn_Bill_Clinton_07,Bill_Clinton,accepted,0.546141,ok,processed/synth/syn-plusv2/Bill_Clinton/Bill_Clinton_plusv2_07.png
syn_Bill_Clinton_08,Bill_Clinton,accepted,0.580448,ok,processed/synth/syn-plusv2/Bill_Clinton/Bill_Clinton_plusv2_08.png
syn_Bill_Clinton_09,Bill_Clinton,accepted,0.561738,ok,processed/synth/syn-plusv2/Bill_Clinton/Bill_Clinton_plusv2_09.png
syn_Bill_Gates_00,Bill_Gates,accepted,0.613709,ok,processed/synth/syn-plusv2/Bill_Gates/Bill_Gates_plusv2_00.png
syn_Bill_Gates_01,Bill_Gates,accepted,0.678753,ok,processed/synth/syn-plusv2/Bill_Gates/Bill_Gates_plusv2_01.png
syn_Bill_Gates_02,Bill_Gates,accepted,0.597621,ok,processed/synth/syn-plusv2/Bill_Gates/Bill_Gates_plusv2_02.png
syn_Bill_Gates_03,Bill_Gates,accepted,0.630768,ok,processed/synth/syn-plusv2/Bill_Gates/Bill_Gates_plusv2_03.png
syn_Bill_Gates_04,Bill_Gates,rejected,0.631856,redundant,processed/synth/syn-plusv2/Bill_Gates/Bill_Gates_plusv2_04.png
syn_Bill_Gates_05,Bill_Gates,accepted,0.588870,ok,processed/synth/syn-plusv2/Bill_Gates/Bill_Gates_plusv2_05.png
syn_Bill_Gates_06,Bill_Gates,accepted,0.527173,ok,processed/synth/syn-plusv2/Bill_Gates/Bill_Gates_plusv2_06.png
syn_Bill_Gates_07,Bill_Gates,accepted,0.499816,ok,processed/synth/syn-plusv2/Bill_Gates/Bill_Gates_plusv2_07.png
syn_Bill_Gates_08,Bill_Gates,rejected,0.417796,ok,processed/synth/syn-plusv2/Bill_Gates/Bill_Gates_plusv2_08.png
syn_Bill_Gates_09,Bill_Gates,accepted,0.584446,ok,processed/synth/syn-plusv2/Bill_Gates/Bill_Gates_plusv2_09.png
syn_Bill_Simon_00,Bill_Simon,accepted,0.521742,ok,processed/synth/syn-plusv2/Bill_Simon/Bill_Simon_plusv2_00.png
syn_Bill_Simon_01,Bill_Simon,rejected,0.595275,redundant,processed/synth/syn-plusv2/Bill_Simon/Bill_Simon_plusv2_01.png
syn_Bill_Simon_02,Bill_Simon,accepted,0.496044,ok,processed/synth/syn-plusv2/Bill_Simon/Bill_Simon_plusv2_02.png
syn_Bill_Simon_03,Bill_Simon,accepted,0.551675,ok,processed/synth/syn-plusv2/Bill_Simon/Bill_Simon_plusv2_03.png
syn_Bill_Simon_04,Bill_Simon,accepted,0.514299,ok,processed/synth/syn-plusv2/Bill_Simon/Bill_Simon_plusv2_04.png
syn_Bill_Simon_05,Bill_Simon,accepted,0.571928,ok,processed/synth/syn-plusv2/Bill_Simon/Bill_Simon_plusv2_05.png
syn_Bill_Simon_06,Bill_Simon,accepted,0.492691,ok,processed/synth/syn-plusv2/Bill_Simon/Bill_Simon_plusv2_06.png
syn_Bill_Simon_07,Bill_Simon,accepted,0.553317,ok,processed/synth/syn-plusv2/Bill_Simon/Bill_Simon_plusv2_07.png
syn_Bill_Simon_08,Bill_Simon,accepted,0.493165,ok,processed/synth/syn-plusv2/Bill_Simon/Bill_Simon_plusv2_08.png
syn_Bill_Simon_09,Bill_Simon,rejected,0.583184,redundant,processed/synth/syn-plusv2/Bill_Simon/Bill_Simon_plusv2_09.png
syn_Carlos_Menem_00,Carlos_Menem,rejected,,no_face,processed/synth/syn-plusv2/Carlos_Menem/Carlos_Menem_plusv2_00.png
syn_Carlos_Menem_01,Carlos_Menem,accepted,0.638322,ok,processed/synth/syn-plusv2/Carlos_Menem/Carlos_Menem_plusv2_01.png
syn_Carlos_Menem_02,Carlos_Menem,accepted,0.602020,ok,processed/synth/syn-plusv2/Carlos_Menem/Carlos_Menem_plusv2_02.png
syn_Carlos_Menem_03,Carlos_Menem,accepted,0.624316,ok,processed/synth/syn-plusv2/Carlos_Menem/Carlos_Menem_plusv2_03.png
syn_Carlos_Menem_04,Carlos_Menem,accepted,0.593390,ok,processed/synth/syn-plusv2/Carlos_Menem/Carlos_Menem_plusv2_04.png
syn_Carlos_Menem_05,Carlos_Menem,accepted,0.628697,ok,processed/synth/syn-plusv2/Carlos_Menem/Carlos_Menem_plusv2_05.png
syn_Carlos_Menem_06,Carlos_Menem,accepted,0.591468,ok,processed/synth/syn-plusv2/Carlos_Menem/Carlos_Menem_plusv2_06.png
syn_Carlos_Menem_07,Carlos_Menem,rejected,0.689213,redundant,processed/synth/syn-plusv2/Carlos_Menem/Carlos_Menem_plusv2_07.png
syn_Carlos_Menem_08,Carlos_Menem,accepted,0.658151,ok,processed/synth/syn-plusv2/Carlos_Menem/Carlos_Menem_plusv2_08.png
syn_Carlos_Menem_09,Carlos_Menem,accepted,0.582790,ok,processed/synth/syn-plusv2/Carlos_Menem/Carlos_Menem_plusv2_09.png
syn_Carlos_Moya_00,Carlos_Moya,accepted,0.650919,ok,processed/synth/syn-plusv2/Carlos_Moya/Carlos_Moya_plusv2_00.png
syn_Carlos_Moya_01,Carlos_Moya,accepted,0.669428,ok,processed/synth/syn-plusv2/Carlos_Moya/Carlos_Moya_plusv2_01.png
syn_Carlos_Moya_02,Carlos_Moya,rejected,0.666123,redundant,processed/synth/syn-plusv2/Carlos_Moya/Carlos_Moya_plusv2_02.png
syn_Carlos_Moya_03,Carlos_Moya,accepted,0.559439,ok,processed/synth/syn-plusv2/Carlos_Moya/Carlos_Moya_plusv2_03.png
syn_Carlos_Moya_04,Carlos_Moya,accepted,0.466071,ok,processed/synth/syn-plusv2/Carlos_Moya/Carlos_Moya_plusv2_04.png
syn_Carlos_Moya_05,Carlos_Moya,accepted,0.617580,ok,processed/synth/syn-plusv2/Carlos_Moya/Carlos_Moya_plusv2_05.png
syn_Carlos_Moya_06,Carlos_Moya,accepted,0.530256,ok,processed/synth/syn-plusv2/Carlos_Moya/Carlos_Moya_plusv2_06.png
syn_Carlos_Moya_07,Carlos_Moya,accepted,0.613108,ok,processed/synth/syn-plusv2/Carlos_Moya/Carlos_Moya_plusv2_07.png
syn_Carlos_Moya_08,Carlos_Moya,accepted,0.599749,ok,processed/synth/syn-plusv2/Carlos_Moya/Carlos_Moya_plusv2_08.png
syn_Carlos_Moya_09,Carlos_Moya,rejected,0.648208,redundant,processed/synth/syn-plusv2/Carlos_Moya/Carlos_Moya_plusv2_09.png
syn_Colin_Powell_00,Colin_Powell,accepted,0.540490,ok,processed/synth/syn-plusv2/Colin_Powell/Colin_Powell_plusv2_00.png
syn_Colin_Powell_01,Colin_Powell,accepted,0.580833,ok,processed/synth/syn-plusv2/Colin_Powell/Colin_Powell_plusv2_01.png
syn_Colin_Powell_02,Colin_Powell,accepted,0.487462,ok,processed/synth/syn-plusv2/Colin_Powell/Colin_Powell_plusv2_02.png
syn_Colin_Powell_03,Colin_Powell,rejected,0.621473,redundant,processed/synth/syn-plusv2/Colin_Powell/Colin_Powell_plusv2_03.png
syn_Colin_Powell_04,Colin_Powell,accepted,0.486937,ok,processed/synth/syn-plusv2/Colin_Powell/Colin_Powell_plusv2_04.png
syn_Colin_Powell_05,Colin_Powell,accepted,0.558722,ok,processed/synth/syn-plusv2/Colin_Powell/Colin_Powell_plusv2_05.png
syn_Colin_Powell_06,Colin_Powell,accepted,0.551502,ok,processed/synth/syn-plusv2/Colin_Powell/Colin_Powell_plusv2_06.png
syn_Colin_Powell_07,Colin_Powell,rejected,0.618972,redundant,processed/synth/syn-plusv2/Colin_Powell/Colin_Powell_plusv2_07.png
syn_Colin_Powell_08,Colin_Powell,accepted,0.612472,ok,processed/synth/syn-plusv2/Colin_Powell/Colin_Powell_plusv2_08.png
syn_Colin_Powell_09,Colin_Powell,accepted,0.513368,ok,processed/synth/syn-plusv2/Colin_Powell/Colin_Powell_plusv2_09.png
syn_David_Beckham_00,David_Beckham,rejected,0.729934,redundant,processed/synth/syn-plusv2/David_Beckham/David_Beckham_plusv2_00.png
syn_David_Beckham_01,David_Beckham,accepted,0.683328,ok,processed/synth/syn-plusv2/David_Beckham/David_Beckham_plusv2_01.png
syn_David_Beckham_02,David_Beckham,accepted,0.660744,ok,processed/synth/syn-plusv2/David_Beckham/David_Beckham_plusv2_02.png
syn_David_Beckham_03,David_Beckham,accepted,0.735751,ok,processed/synth/syn-plusv2/David_Beckham/David_Beckham_plusv2_03.png
syn_David_Beckham_04,David_Beckham,accepted,0.727531,ok,processed/synth/syn-plusv2/David_Beckham/David_Beckham_plusv2_04.png
syn_David_Beckham_05,David_Beckham,accepted,0.670053,ok,processed/synth/syn-plusv2/David_Beckham/David_Beckham_plusv2_05.png
syn_David_Beckham_06,David_Beckham,accepted,0.608241,ok,processed/synth/syn-plusv2/David_Beckham/David_Beckham_plusv2_06.png
syn_David_Beckham_07,David_Beckham,accepted,0.664356,ok,processed/synth/syn-plusv2/David_Beckham/David_Beckham_plusv2_07.png
syn_David_Beckham_08,David_Beckham,accepted,0.694492,ok,processed/synth/syn-plusv2/David_Beckham/David_Beckham_plusv2_08.png
syn_David_Beckham_09,David_Beckham,rejected,0.673810,redundant,processed/synth/syn-plusv2/David_Beckham/David_Beckham_plusv2_09.png
syn_Dominique_de_Villepin_00,Dominique_de_Villepin,accepted,0.680588,ok,processed/synth/syn-plusv2/Dominique_de_Villepin/Dominique_de_Villepin_plusv2_00.png
syn_Dominique_de_Villepin_01,Dominique_de_Villepin,accepted,0.661261,ok,processed/synth/syn-plusv2/Dominique_de_Villepin/Dominique_de_Villepin_plusv2_01.png
syn_Dominique_de_Villepin_02,Dominique_de_Villepin,accepted,0.702781,ok,processed/synth/syn-plusv2/Dominique_de_Villepin/Dominique_de_Villepin_plusv2_02.png
syn_Dominique_de_Villepin_03,Dominique_de_Villepin,accepted,0.618113,ok,processed/synth/syn-plusv2/Dominique_de_Villepin/Dominique_de_Villepin_plusv2_03.png
syn_Dominique_de_Villepin_04,Dominique_de_Villepin,rejected,0.674061,redundant,processed/synth/syn-plusv2/Dominique_de_Villepin/Dominique_de_Villepin_plusv2_04.png
syn_Dominique_de_Villepin_05,Dominique_de_Villepin,rejected,0.673602,redundant,processed/synth/syn-plusv2/Dominique_de_Villepin/Dominique_de_Villepin_plusv2_05.png
syn_Dominique_de_Villepin_06,Dominique_de_Villepin,accepted,0.584699,ok,processed/synth/syn-plusv2/Dominique_de_Villepin/Dominique_de_Villepin_plusv2_06.png
syn_Dominique_de_Villepin_07,Dominique_de_Villepin,accepted,0.540042,ok,processed/synth/syn-plusv2/Dominique_de_Villepin/Dominique_de_Villepin_plusv2_07.png
syn_Dominique_de_Villepin_08,Dominique_de_Villepin,accepted,0.616750,ok,processed/synth/syn-plusv2/Dominique_de_Villepin/Dominique_de_Villepin_plusv2_08.png
syn_Dominique_de_Villepin_09,Dominique_de_Villepin,accepted,0.649010,ok,processed/synth/syn-plusv2/Dominique_de_Villepin/Dominique_de_Villepin_plusv2_09.png
syn_Donald_Rumsfeld_00,Donald_Rumsfeld,accepted,0.556387,ok,processed/synth/syn-plusv2/Donald_Rumsfeld/Donald_Rumsfeld_plusv2_00.png
syn_Donald_Rumsfeld_01,Donald_Rumsfeld,accepted,0.619477,ok,processed/synth/syn-plusv2/Donald_Rumsfeld/Donald_Rumsfeld_plusv2_01.png
syn_Donald_Rumsfeld_02,Donald_Rumsfeld,rejected,0.357457,ok,processed/synth/syn-plusv2/Donald_Rumsfeld/Donald_Rumsfeld_plusv2_02.png
syn_Donald_Rumsfeld_03,Donald_Rumsfeld,accepted,0.549586,ok,processed/synth/syn-plusv2/Donald_Rumsfeld/Donald_Rumsfeld_plusv2_03.png
syn_Donald_Rumsfeld_04,Donald_Rumsfeld,accepted,0.601554,ok,processed/synth/syn-plusv2/Donald_Rumsfeld/Donald_Rumsfeld_plusv2_04.png
syn_Donald_Rumsfeld_05,Donald_Rumsfeld,rejected,0.598370,redundant,processed/synth/syn-plusv2/Donald_Rumsfeld/Donald_Rumsfeld_plusv2_05.png
syn_Donald_Rumsfeld_06,Donald_Rumsfeld,accepted,0.555938,ok,processed/synth/syn-plusv2/Donald_Rumsfeld/Donald_Rumsfeld_plusv2_06.png
syn_Donald_Rumsfeld_07,Donald_Rumsfeld,accepted,0.549478,ok,processed/synth/syn-plusv2/Donald_Rumsfeld/Donald_Rumsfeld_plusv2_07.png
syn_Donald_Rumsfeld_08,Donald_Rumsfeld,accepted,0.560603,ok,processed/synth/syn-plusv2/Donald_Rumsfeld/Donald_Rumsfeld_plusv2_08.png
syn_Donald_Rumsfeld_09,Donald_Rumsfeld,accepted,0.545965,ok,processed/synth/syn-plusv2/Donald_Rumsfeld/Donald_Rumsfeld_plusv2_09.png
syn_Fidel_Castro_00,Fidel_Castro,accepted,0.624796,ok,processed/synth/syn-plusv2/Fidel_Castro/Fidel_Castro_plusv2_00.png
syn_Fidel_Castro_01,Fidel_Castro,accepted,0.695582,ok,processed/synth/syn-plusv2/Fidel_Castro/Fidel_Castro_plusv2_01.png
syn_Fidel_Castro_02,Fidel_Castro,accepted,0.603049,ok,processed/synth/syn-plusv2/Fidel_Castro/Fidel_Castro_plusv2_02.png
syn_Fidel_Castro_03,Fidel_Castro,accepted,0.679639,ok,processed/synth/syn-plusv2/Fidel_Castro/Fidel_Castro_plusv2_03.png
syn_Fidel_Castro_04,Fidel_Castro,accepted,0.629642,ok,processed/synth/syn-plusv2/Fidel_Castro/Fidel_Castro_plusv2_04.png
syn_Fidel_Castro_05,Fidel_Castro,accepted,0.691624,ok,processed/synth/syn-plusv2/Fidel_Castro/Fidel_Castro_plusv2_05.png
syn_Fidel_Castro_06,Fidel_Castro,accepted,0.623013,ok,processed/synth/syn-plusv2/Fidel_Castro/Fidel_Castro_plusv2_06.png
syn_Fidel_Castro_07,Fidel_Castro,rejected,0.706286,redundant,processed/synth/syn-plusv2/Fidel_Castro/Fidel_Castro_plusv2_07.png
syn_Fidel_Castro_08,Fidel_Castro,rejected,0.696841,redundant,processed/synth/syn-plusv2/Fidel_Castro/Fidel_Castro_plusv2_08.png
syn_Fidel_Castro_09,Fidel_Castro,accepted,0.622271,ok,processed/synth/syn-plusv2/Fidel_Castro/Fidel_Castro_plusv2_09.png
syn_George_Robertson_00,George_Robertson,accepted,0.614455,ok,processed/synth/syn-plusv2/George_Robertson/George_Robertson_plusv2_00.png
syn_George_Robertson_01,George_Robertson,rejected,0.428107,ok,processed/synth/syn-plusv2/George_Robertson/George_Robertson_plusv2_01.png
syn_George_Robertson_02,George_Robertson,rejected,0.407591,ok,processed/synth/syn-plusv2/George_Robertson/George_Robertson_plusv2_02.png
syn_George_Robertson_03,George_Robertson,accepted,0.485381,ok,processed/synth/syn-plusv2/George_Robertson/George_Robertson_plusv2_03.png
syn_George_Robertson_04,George_Robertson,accepted,0.607383,ok,processed/synth/syn-plusv2/George_Robertson/George_Robertson_plusv2_04.png
syn_George_Robertson_05,George_Robertson,accepted,0.558849,ok,processed/synth/syn-plusv2/George_Robertson/George_Robertson_plusv2_05.png
syn_George_Robertson_06,George_Robertson,accepted,0.573920,ok,processed/synth/syn-plusv2/George_Robertson/George_Robertson_plusv2_06.png
syn_George_Robertson_07,George_Robertson,accepted,0.529336,ok,processed/synth/syn-plusv2/George_Robertson/George_Robertson_plusv2_07.png
syn_George_Robertson_08,George_Robertson,accepted,0.544125,ok,processed/synth/syn-plusv2/George_Robertson/George_Robertson_plusv2_08.png
syn_George_Robertson_09,George_Robertson,accepted,0.555414,ok,processed/synth/syn-plusv2/George_Robertson/George_Robertson_plusv2_09.png
syn_George_W_Bush_00,George_W_Bush,accepted,0.607615,ok,processed/synth/syn-plusv2/George_W_Bush/George_W_Bush_plusv2_00.png
syn_George_W_Bush_01,George_W_Bush,accepted,0.611995,ok,processed/synth/syn-plusv2/George_W_Bush/George_W_Bush_plusv2_01.png
syn_George_W_Bush_02,George_W_Bush,accepted,0.583544,ok,processed/synth/syn-plusv2/George_W_Bush/George_W_Bush_plusv2_02.png
syn_George_W_Bush_03,George_W_Bush,rejected,0.602720,redundant,processed/synth/syn-plusv2/George_W_Bush/George_W_Bush_plusv2_03.png
syn_George_W_Bush_04,George_W_Bush,accepted,0.608867,ok,processed/synth/syn-plusv2/George_W_Bush/George_W_Bush_plusv2_04.png
syn_George_W_Bush_05,George_W_Bush,accepted,0.533737,ok,processed/synth/syn-plusv2/George_W_Bush/George_W_Bush_plusv2_05.png
syn_George_W_Bush_06,George_W_Bush,rejected,0.407032,ok,processed/synth/syn-plusv2/George_W_Bush/George_W_Bush_plusv2_06.png
syn_George_W_Bush_07,George_W_Bush,accepted,0.558149,ok,processed/synth/syn-plusv2/George_W_Bush/George_W_Bush_plusv2_07.png
syn_George_W_Bush_08,George_W_Bush,accepted,0.502036,ok,processed/synth/syn-plusv2/George_W_Bush/George_W_Bush_plusv2_08.png
syn_George_W_Bush_09,George_W_Bush,accepted,0.561102,ok,processed/synth/syn-plusv2/George_W_Bush/George_W_Bush_plusv2_09.png
syn_Gerhard_Schroeder_00,Gerhard_Schroeder,accepted,0.701774,ok,processed/synth/syn-plusv2/Gerhard_Schroeder/Gerhard_Schroeder_plusv2_00.png
syn_Gerhard_Schroeder_01,Gerhard_Schroeder,accepted,0.702708,ok,processed/synth/syn-plusv2/Gerhard_Schroeder/Gerhard_Schroeder_plusv2_01.png
syn_Gerhard_Schroeder_02,Gerhard_Schroeder,accepted,0.663443,ok,processed/synth/syn-plusv2/Gerhard_Schroeder/Gerhard_Schroeder_plusv2_02.png
syn_Gerhard_Schroeder_03,Gerhard_Schroeder,accepted,0.657448,ok,processed/synth/syn-plusv2/Gerhard_Schroeder/Gerhard_Schroeder_plusv2_03.png
syn_Gerhard_Schroeder_04,Gerhard_Schroeder,rejected,0.722371,redundant,processed/synth/syn-plusv2/Gerhard_Schroeder/Gerhard_Schroeder_plusv2_04.png
syn_Gerhard_Schroeder_05,Gerhard_Schroeder,accepted,0.669182,ok,processed/synth/syn-plusv2/Gerhard_Schroeder/Gerhard_Schroeder_plusv2_05.png
syn_Gerhard_Schroeder_06,Gerhard_Schroeder,accepted,0.601674,ok,processed/synth/syn-plusv2/Gerhard_Schroeder/Gerhard_Schroeder_plusv2_06.png
syn_Gerhard_Schroeder_07,Gerhard_Schroeder,accepted,0.628510,ok,processed/synth/syn-plusv2/Gerhard_Schroeder/Gerhard_Schroeder_plusv2_07.png
syn_Gerhard_Schroeder_08,Gerhard_Schroeder,accepted,0.674872,ok,processed/synth/syn-plusv2/Gerhard_Schroeder/Gerhard_Schroeder_plusv2_08.png
syn_Gerhard_Schroeder_09,Gerhard_Schroeder,rejected,0.676074,redundant,processed/synth/syn-plusv2/Gerhard_Schroeder/Gerhard_Schroeder_plusv2_09.png
syn_Gloria_Macapagal_Arroyo_00,Gloria_Macapagal_Arroyo,accepted,0.747861,ok,processed/synth/syn-plusv2/Gloria_Macapagal_Arroyo/Gloria_Macapagal_Arroyo_plusv2_00.png
syn_Gloria_Macapagal_Arroyo_01,Gloria_Macapagal_Arroyo,rejected,0.744237,redundant,processed/synth/syn-plusv2/Gloria_Macapagal_Arroyo/Gloria_Macapagal_Arroyo_plusv2_01.png
syn_Gloria_Macapagal_Arroyo_02,Gloria_Macapagal_Arroyo,accepted,0.724981,ok,processed/synth/syn-plusv2/Gloria_Macapagal_Arroyo/Gloria_Macapagal_Arroyo_plusv2_02.png
syn_Gloria_Macapagal_Arroyo_03,Gloria_Macapagal_Arroyo,accepted,0.690421,ok,processed/synth/syn-plusv2/Gloria_Macapagal_Arroyo/Gloria_Macapagal_Arroyo_plusv2_03.png
syn_Gloria_Macapagal_Arroyo_04,Gloria_Macapagal_Arroyo,accepted,0.752474,ok,processed/synth/syn-plusv2/Gloria_Macapagal_Arroyo/Gloria_Macapagal_Arroyo_plusv2_04.png
syn_Gloria_Macapagal_Arroyo_05,Gloria_Macapagal_Arroyo,accepted,0.759577,ok,processed/synth/syn-plusv2/Gloria_Macapagal_Arroyo/Gloria_Macapagal_Arroyo_plusv2_05.png
syn_Gloria_Macapagal_Arroyo_06,Gloria_Macapagal_Arroyo,accepted,0.706491,ok,processed/synth/syn-plusv2/Gloria_Macapagal_Arroyo/Gloria_Macapagal_Arroyo_plusv2_06.png
syn_Gloria_Macapagal_Arroyo_07,Gloria_Macapagal_Arroyo,rejected,0.754705,redundant,processed/synth/syn-plusv2/Gloria_Macapagal_Arroyo/Gloria_Macapagal_Arroyo_plusv2_07.png
syn_Gloria_Macapagal_Arroyo_08,Gloria_Macapagal_Arroyo,accepted,0.717526,ok,processed/synth/syn-plusv2/Gloria_Macapagal_Arroyo/Gloria_Macapagal_Arroyo_plusv2_08.png
syn_Gloria_Macapagal_Arroyo_09,Gloria_Macapagal_Arroyo,accepted,0.789758,ok,processed/synth/syn-plusv2/Gloria_Macapagal_Arroyo/Gloria_Macapagal_Arroyo_plusv2_09.png
syn_Gray_Davis_00,Gray_Davis,rejected,0.691470,redundant,processed/synth/syn-plusv2/Gray_Davis/Gray_Davis_plusv2_00.png
syn_Gray_Davis_01,Gray_Davis,accepted,0.649087,ok,processed/synth/syn-plusv2/Gray_Davis/Gray_Davis_plusv2_01.png
syn_Gray_Davis_02,Gray_Davis,accepted,0.619477,ok,processed/synth/syn-plusv2/Gray_Davis/Gray_Davis_plusv2_02.png
syn_Gray_Davis_03,Gray_Davis,accepted,0.668512,ok,processed/synth/syn-plusv2/Gray_Davis/Gray_Davis_plusv2_03.png
syn_Gray_Davis_04,Gray_Davis,accepted,0.624984,ok,processed/synth/syn-plusv2/Gray_Davis/Gray_Davis_plusv2_04.png
syn_Gray_Davis_05,Gray_Davis,accepted,0.638193,ok,processed/synth/syn-plusv2/Gray_Davis/Gray_Davis_plusv2_05.png
syn_Gray_Davis_06,Gray_Davis,accepted,0.661943,ok,processed/synth/syn-plusv2/Gray_Davis/Gray_Davis_plusv2_06.png
syn_Gray_Davis_07,Gray_Davis,accepted,0.576742,ok,processed/synth/syn-plusv2/Gray_Davis/Gray_Davis_plusv2_07.png
syn_Gray_Davis_08,Gray_Davis,accepted,0.552265,ok,processed/synth/syn-plusv2/Gray_Davis/Gray_Davis_plusv2_08.png
syn_Gray_Davis_09,Gray_Davis,rejected,0.656444,redundant,processed/synth/syn-plusv2/Gray_Davis/Gray_Davis_plusv2_09.png
syn_Guillermo_Coria_00,Guillermo_Coria,rejected,0.721616,redundant,processed/synth/syn-plusv2/Guillermo_Coria/Guillermo_Coria_plusv2_00.png
syn_Guillermo_Coria_01,Guillermo_Coria,accepted,0.632571,ok,processed/synth/syn-plusv2/Guillermo_Coria/Guillermo_Coria_plusv2_01.png
syn_Guillermo_Coria_02,Guillermo_Coria,accepted,0.683978,ok,processed/synth/syn-plusv2/Guillermo_Coria/Guillermo_Coria_plusv2_02.png
syn_Guillermo_Coria_03,Guillermo_Coria,accepted,0.540364,ok,processed/synth/syn-plusv2/Guillermo_Coria/Guillermo_Coria_plusv2_03.png
syn_Guillermo_Coria_04,Guillermo_Coria,accepted,0.703939,ok,processed/synth/syn-plusv2/Guillermo_Coria/Guillermo_Coria_plusv2_04.png
syn_Guillermo_Coria_05,Guillermo_Coria,accepted,0.701504,ok,processed/synth/syn-plusv2/Guillermo_Coria/Guillermo_Coria_plusv2_05.png
syn_Guillermo_Coria_06,Guillermo_Coria,accepted,0.619450,ok,processed/synth/syn-plusv2/Guillermo_Coria/Guillermo_Coria_plusv2_06.png
syn_Guillermo_Coria_07,Guillermo_Coria,rejected,0.665635,redundant,processed/synth/syn-plusv2/Guillermo_Coria/Guillermo_Coria_plusv2_07.png
syn_Guillermo_Coria_08,Guillermo_Coria,accepted,0.697455,ok,processed/synth/syn-plusv2/Guillermo_Coria/Guillermo_Coria_plusv2_08.png
syn_Guillermo_Coria_09,Guillermo_Coria,accepted,0.711354,ok,processed/synth/syn-plusv2/Guillermo_Coria/Guillermo_Coria_plusv2_09.png
syn_Halle_Berry_00,Halle_Berry,accepted,0.763427,ok,processed/synth/syn-plusv2/Halle_Berry/Halle_Berry_plusv2_00.png
syn_Halle_Berry_01,Halle_Berry,rejected,0.738791,redundant,processed/synth/syn-plusv2/Halle_Berry/Halle_Berry_plusv2_01.png
syn_Halle_Berry_02,Halle_Berry,accepted,0.706799,ok,processed/synth/syn-plusv2/Halle_Berry/Halle_Berry_plusv2_02.png
syn_Halle_Berry_03,Halle_Berry,accepted,0.740342,ok,processed/synth/syn-plusv2/Halle_Berry/Halle_Berry_plusv2_03.png
syn_Halle_Berry_04,Halle_Berry,accepted,0.653196,ok,processed/synth/syn-plusv2/Halle_Berry/Halle_Berry_plusv2_04.png
syn_Halle_Berry_05,Halle_Berry,accepted,0.696716,ok,processed/synth/syn-plusv2/Halle_Berry/Halle_Berry_plusv2_05.png
syn_Halle_Berry_06,Halle_Berry,accepted,0.693060,ok,processed/synth/syn-plusv2/Halle_Berry/Halle_Berry_plusv2_06.png
syn_Halle_Berry_07,Halle_Berry,accepted,0.718935,ok,processed/synth/syn-plusv2/Halle_Berry/Halle_Berry_plusv2_07.png
syn_Halle_Berry_08,Halle_Berry,rejected,0.761824,redundant,processed/synth/syn-plusv2/Halle_Berry/Halle_Berry_plusv2_08.png
syn_Halle_Berry_09,Halle_Berry,accepted,0.566159,ok,processed/synth/syn-plusv2/Halle_Berry/Halle_Berry_plusv2_09.png
syn_Hamid_Karzai_00,Hamid_Karzai,rejected,0.730953,redundant,processed/synth/syn-plusv2/Hamid_Karzai/Hamid_Karzai_plusv2_00.png
syn_Hamid_Karzai_01,Hamid_Karzai,accepted,0.681579,ok,processed/synth/syn-plusv2/Hamid_Karzai/Hamid_Karzai_plusv2_01.png
syn_Hamid_Karzai_02,Hamid_Karzai,accepted,0.613266,ok,processed/synth/syn-plusv2/Hamid_Karzai/Hamid_Karzai_plusv2_02.png
syn_Hamid_Karzai_03,Hamid_Karzai,accepted,0.672471,ok,processed/synth/syn-plusv2/Hamid_Karzai/Hamid_Karzai_plusv2_03.png
syn_Hamid_Karzai_04,Hamid_Karzai,accepted,0.665395,ok,processed/synth/syn-plusv2/Hamid_Karzai/Hamid_Karzai_plusv2_04.png
syn_Hamid_Karzai_05,Hamid_Karzai,accepted,0.682422,ok,processed/synth/syn-plusv2/Hamid_Karzai/Hamid_Karzai_plusv2_05.png
syn_Hamid_Karzai_06,Hamid_Karzai,accepted,0.636707,ok,processed/synth/syn-plusv2/Hamid_Karzai/Hamid_Karzai_plusv2_06.png
syn_Hamid_Karzai_07,Hamid_Karzai,rejected,0.673084,redundant,processed/synth/syn-plusv2/Hamid_Karzai/Hamid_Karzai_plusv2_07.png
syn_Hamid_Karzai_08,Hamid_Karzai,accepted,0.640380,ok,processed/synth/syn-plusv2/Hamid_Karzai/Hamid_Karzai_plusv2_08.png
syn_Hamid_Karzai_09,Hamid_Karzai,accepted,0.645082,ok,processed/synth/syn-plusv2/Hamid_Karzai/Hamid_Karzai_plusv2_09.png
syn_Hans_Blix_00,Hans_Blix,accepted,0.548521,ok,processed/synth/syn-plusv2/Hans_Blix/Hans_Blix_plusv2_00.png
syn_Hans_Blix_01,Hans_Blix,rejected,0.289744,ok,processed/synth/syn-plusv2/Hans_Blix/Hans_Blix_plusv2_01.png
syn_Hans_Blix_02,Hans_Blix,accepted,0.529820,ok,processed/synth/syn-plusv2/Hans_Blix/Hans_Blix_plusv2_02.png
syn_Hans_Blix_03,Hans_Blix,accepted,0.547686,ok,processed/synth/syn-plusv2/Hans_Blix/Hans_Blix_plusv2_03.png
syn_Hans_Blix_04,Hans_Blix,accepted,0.472451,ok,processed/synth/syn-plusv2/Hans_Blix/Hans_Blix_plusv2_04.png
syn_Hans_Blix_05,Hans_Blix,accepted,0.510199,ok,processed/synth/syn-plusv2/Hans_Blix/Hans_Blix_plusv2_05.png
syn_Hans_Blix_06,Hans_Blix,rejected,0.428599,ok,processed/synth/syn-plusv2/Hans_Blix/Hans_Blix_plusv2_06.png
syn_Hans_Blix_07,Hans_Blix,accepted,0.534310,ok,processed/synth/syn-plusv2/Hans_Blix/Hans_Blix_plusv2_07.png
syn_Hans_Blix_08,Hans_Blix,rejected,0.430502,ok,processed/synth/syn-plusv2/Hans_Blix/Hans_Blix_plusv2_08.png
syn_Hans_Blix_09,Hans_Blix,accepted,0.473425,ok,processed/synth/syn-plusv2/Hans_Blix/Hans_Blix_plusv2_09.png
syn_Hu_Jintao_00,Hu_Jintao,accepted,0.617540,ok,processed/synth/syn-plusv2/Hu_Jintao/Hu_Jintao_plusv2_00.png
syn_Hu_Jintao_01,Hu_Jintao,accepted,0.697010,ok,processed/synth/syn-plusv2/Hu_Jintao/Hu_Jintao_plusv2_01.png
syn_Hu_Jintao_02,Hu_Jintao,accepted,0.651248,ok,processed/synth/syn-plusv2/Hu_Jintao/Hu_Jintao_plusv2_02.png
syn_Hu_Jintao_03,Hu_Jintao,accepted,0.604189,ok,processed/synth/syn-plusv2/Hu_Jintao/Hu_Jintao_plusv2_03.png
syn_Hu_Jintao_04,Hu_Jintao,accepted,0.646002,ok,processed/synth/syn-plusv2/Hu_Jintao/Hu_Jintao_plusv2_04.png
syn_Hu_Jintao_05,Hu_Jintao,accepted,0.593923,ok,processed/synth/syn-plusv2/Hu_Jintao/Hu_Jintao_plusv2_05.png
syn_Hu_Jintao_06,Hu_Jintao,accepted,0.608824,ok,processed/synth/syn-plusv2/Hu_Jintao/Hu_Jintao_plusv2_06.png
syn_Hu_Jintao_07,Hu_Jintao,rejected,0.646110,redundant,processed/synth/syn-plusv2/Hu_Jintao/Hu_Jintao_plusv2_07.png
syn_Hu_Jintao_08,Hu_Jintao,accepted,0.491580,ok,processed/synth/syn-plusv2/Hu_Jintao/Hu_Jintao_plusv2_08.png
syn_Hu_Jintao_09,Hu_Jintao,rejected,0.609428,redundant,processed/synth/syn-plusv2/Hu_Jintao/Hu_Jintao_plusv2_09.png
syn_Hugo_Chavez_00,Hugo_Chavez,accepted,0.725549,ok,processed/synth/syn-plusv2/Hugo_Chavez/Hugo_Chavez_plusv2_00.png
syn_Hugo_Chavez_01,Hugo_Chavez,rejected,0.709821,redundant,processed/synth/syn-plusv2/Hugo_Chavez/Hugo_Chavez_plusv2_01.png
syn_Hugo_Chavez_02,Hugo_Chavez,accepted,0.670283,ok,processed/synth/syn-plusv2/Hugo_Chavez/Hugo_Chavez_plusv2_02.png
syn_Hugo_Chavez_03,Hugo_Chavez,rejected,0.727296,redundant,processed/synth/syn-plusv2/Hugo_Chavez/Hugo_Chavez_plusv2_03.png
syn_Hugo_Chavez_04,Hugo_Chavez,accepted,0.724075,ok,processed/synth/syn-plusv2/Hugo_Chavez/Hugo_Chavez_plusv2_04.png
syn_Hugo_Chavez_05,Hugo_Chavez,accepted,0.640102,ok,processed/synth/syn-plusv2/Hugo_Chavez/Hugo_Chavez_plusv2_05.png
syn_Hugo_Chavez_06,Hugo_Chavez,accepted,0.632948,ok,processed/synth/syn-plusv2/Hugo_Chavez/Hugo_Chavez_plusv2_06.png
syn_Hugo_Chavez_07,Hugo_Chavez,accepted,0.560640,ok,processed/synth/syn-plusv2/Hugo_Chavez/Hugo_Chavez_plusv2_07.png
syn_Hugo_Chavez_08,Hugo_Chavez,accepted,0.468056,ok,processed/synth/syn-plusv2/Hugo_Chavez/Hugo_Chavez_plusv2_08.png
syn_Hugo_Chavez_09,Hugo_Chavez,accepted,0.635723,ok,processed/synth/syn-plusv2/Hugo_Chavez/Hugo_Chavez_plusv2_09.png
syn_Igor_Ivanov_00,Igor_Ivanov,accepted,0.656008,ok,processed/synth/syn-plusv2/Igor_Ivanov/Igor_Ivanov_plusv2_00.png
syn_Igor_Ivanov_01,Igor_Ivanov,rejected,0.679370,redundant,processed/synth/syn-plusv2/Igor_Ivanov/Igor_Ivanov_plusv2_01.png
syn_Igor_Ivanov_02,Igor_Ivanov,accepted,0.496054,ok,processed/synth/syn-plusv2/Igor_Ivanov/Igor_Ivanov_plusv2_02.png
syn_Igor_Ivanov_03,Igor_Ivanov,rejected,0.676409,redundant,processed/synth/syn-plusv2/Igor_Ivanov/Igor_Ivanov_plusv2_03.png
syn_Igor_Ivanov_04,Igor_Ivanov,accepted,0.610274,ok,processed/synth/syn-plusv2/Igor_Ivanov/Igor_Ivanov_plusv2_04.png
syn_Igor_Ivanov_05,Igor_Ivanov,accepted,0.721222,ok,processed/synth/syn-plusv2/Igor_Ivanov/Igor_Ivanov_plusv2_05.png
syn_Igor_Ivanov_06,Igor_Ivanov,accepted,0.505451,ok,processed/synth/syn-plusv2/Igor_Ivanov/Igor_Ivanov_plusv2_06.png
syn_Igor_Ivanov_07,Igor_Ivanov,accepted,0.635192,ok,processed/synth/syn-plusv2/Igor_Ivanov/Igor_Ivanov_plusv2_07.png
syn_Igor_Ivanov_08,Igor_Ivanov,accepted,0.575801,ok,processed/synth/syn-plusv2/Igor_Ivanov/Igor_Ivanov_plusv2_08.png
syn_Igor_Ivanov_09,Igor_Ivanov,accepted,0.595851,ok,processed/synth/syn-plusv2/Igor_Ivanov/Igor_Ivanov_plusv2_09.png
syn_Jack_Straw_00,Jack_Straw,accepted,0.467354,ok,processed/synth/syn-plusv2/Jack_Straw/Jack_Straw_plusv2_00.png
syn_Jack_Straw_01,Jack_Straw,accepted,0.520704,ok,processed/synth/syn-plusv2/Jack_Straw/Jack_Straw_plusv2_01.png
syn_Jack_Straw_02,Jack_Straw,rejected,0.434640,ok,processed/synth/syn-plusv2/Jack_Straw/Jack_Straw_plusv2_02.png
syn_Jack_Straw_03,Jack_Straw,rejected,0.429956,ok,processed/synth/syn-plusv2/Jack_Straw/Jack_Straw_plusv2_03.png
syn_Jack_Straw_04,Jack_Straw,accepted,0.537612,ok,processed/synth/syn-plusv2/Jack_Straw/Jack_Straw_plusv2_04.png
syn_Jack_Straw_05,Jack_Straw,accepted,0.528493,ok,processed/synth/syn-plusv2/Jack_Straw/Jack_Straw_plusv2_05.png
syn_Jack_Straw_06,Jack_Straw,accepted,0.520992,ok,processed/synth/syn-plusv2/Jack_Straw/Jack_Straw_plusv2_06.png
syn_Jack_Straw_07,Jack_Straw,accepted,0.453785,ok,processed/synth/syn-plusv2/Jack_Straw/Jack_Straw_plusv2_07.png
syn_Jack_Straw_08,Jack_Straw,rejected,0.438383,ok,processed/synth/syn-plusv2/Jack_Straw/Jack_Straw_plusv2_08.png
syn_Jack_Straw_09,Jack_Straw,accepted,0.499598,ok,processed/synth/syn-plusv2/Jack_Straw/Jack_Straw_plusv2_09.png
syn_Jacques_Chirac_00,Jacques_Chirac,accepted,0.629088,ok,processed/synth/syn-plusv2/Jacques_Chirac/Jacques_Chirac_plusv2_00.png
syn_Jacques_Chirac_01,Jacques_Chirac,accepted,0.669164,ok,processed/synth/syn-plusv2/Jacques_Chirac/Jacques_Chirac_plusv2_01.png
syn_Jacques_Chirac_02,Jacques_Chirac,accepted,0.499646,ok,processed/synth/syn-plusv2/Jacques_Chirac/Jacques_Chirac_plusv2_02.png
syn_Jacques_Chirac_03,Jacques_Chirac,accepted,0.638581,ok,processed/synth/syn-plusv2/Jacques_Chirac/Jacques_Chirac_plusv2_03.png
syn_Jacques_Chirac_04,Jacques_Chirac,accepted,0.560272,ok,processed/synth/syn-plusv2/Jacques_Chirac/Jacques_Chirac_plusv2_04.png
syn_Jacques_Chirac_05,Jacques_Chirac,accepted,0.634418,ok,processed/synth/syn-plusv2/Jacques_Chirac/Jacques_Chirac_plusv2_05.png
syn_Jacques_Chirac_06,Jacques_Chirac,accepted,0.651436,ok,processed/synth/syn-plusv2/Jacques_Chirac/Jacques_Chirac_plusv2_06.png
syn_Jacques_Chirac_07,Jacques_Chirac,accepted,0.678831,ok,processed/synth/syn-plusv2/Jacques_Chirac/Jacques_Chirac_plusv2_07.png
syn_Jacques_Chirac_08,Jacques_Chirac,rejected,0.659522,redundant,processed/synth/syn-plusv2/Jacques_Chirac/Jacques_Chirac_plusv2_08.png
syn_Jacques_Chirac_09,Jacques_Chirac,rejected,0.697070,redundant,processed/synth/syn-plusv2/Jacques_Chirac/Jacques_Chirac_plusv2_09.png
syn_Jean_Charest_00,Jean_Charest,accepted,0.539749,ok,processed/synth/syn-plusv2/Jean_Charest/Jean_Charest_plusv2_00.png
syn_Jean_Charest_01,Jean_Charest,accepted,0.575077,ok,processed/synth/syn-plusv2/Jean_Charest/Jean_Charest_plusv2_01.png
syn_Jean_Charest_02,Jean_Charest,rejected,0.431545,ok,processed/synth/syn-plusv2/Jean_Charest/Jean_Charest_plusv2_02.png
syn_Jean_Charest_03,Jean_Charest,accepted,0.569161,ok,processed/synth/syn-plusv2/Jean_Charest/Jean_Charest_plusv2_03.png
syn_Jean_Charest_04,Jean_Charest,accepted,0.548504,ok,processed/synth/syn-plusv2/Jean_Charest/Jean_Charest_plusv2_04.png
syn_Jean_Charest_05,Jean_Charest,accepted,0.591275,ok,processed/synth/syn-plusv2/Jean_Charest/Jean_Charest_plusv2_05.png
syn_Jean_Charest_06,Jean_Charest,accepted,0.514619,ok,processed/synth/syn-plusv2/Jean_Charest/Jean_Charest_plusv2_06.png
syn_Jean_Charest_07,Jean_Charest,accepted,0.563487,ok,processed/synth/syn-plusv2/Jean_Charest/Jean_Charest_plusv2_07.png
syn_Jean_Charest_08,Jean_Charest,rejected,0.382018,ok,processed/synth/syn-plusv2/Jean_Charest/Jean_Charest_plusv2_08.png
syn_Jean_Charest_09,Jean_Charest,accepted,0.550859,ok,processed/synth/syn-plusv2/Jean_Charest/Jean_Charest_plusv2_09.png
syn_Jean_Chretien_00,Jean_Chretien,accepted,0.565254,ok,processed/synth/syn-plusv2/Jean_Chretien/Jean_Chretien_plusv2_00.png
syn_Jean_Chretien_01,Jean_Chretien,rejected,0.576283,redundant,processed/synth/syn-plusv2/Jean_Chretien/Jean_Chretien_plusv2_01.png
syn_Jean_Chretien_02,Jean_Chretien,accepted,0.554038,ok,processed/synth/syn-plusv2/Jean_Chretien/Jean_Chretien_plusv2_02.png
syn_Jean_Chretien_03,Jean_Chretien,accepted,0.612047,ok,processed/synth/syn-plusv2/Jean_Chretien/Jean_Chretien_plusv2_03.png
syn_Jean_Chretien_04,Jean_Chretien,accepted,0.577562,ok,processed/synth/syn-plusv2/Jean_Chretien/Jean_Chretien_plusv2_04.png
syn_Jean_Chretien_05,Jean_Chretien,accepted,0.541166,ok,processed/synth/syn-plusv2/Jean_Chretien/Jean_Chretien_plusv2_05.png
syn_Jean_Chretien_06,Jean_Chretien,rejected,0.409843,ok,processed/synth/syn-plusv2/Jean_Chretien/Jean_Chretien_plusv2_06.png
syn_Jean_Chretien_07,Jean_Chretien,accepted,0.603732,ok,processed/synth/syn-plusv2/Jean_Chretien/Jean_Chretien_plusv2_07.png
syn_Jean_Chretien_08,Jean_Chretien,accepted,0.512930,ok,processed/synth/syn-plusv2/Jean_Chretien/Jean_Chretien_plusv2_08.png
syn_Jean_Chretien_09,Jean_Chretien,accepted,0.558190,ok,processed/synth/syn-plusv2/Jean_Chretien/Jean_Chretien_plusv2_09.png
syn_Jennifer_Aniston_00,Jennifer_Aniston,rejected,0.766286,redundant,processed/synth/syn-plusv2/Jennifer_Aniston/Jennifer_Aniston_plusv2_00.png
syn_Jennifer_Aniston_01,Jennifer_Aniston,accepted,0.805042,ok,processed/synth/syn-plusv2/Jennifer_Aniston/Jennifer_Aniston_plusv2_01.png
syn_Jennifer_Aniston_02,Jennifer_Aniston,accepted,0.788791,ok,processed/synth/syn-plusv2/Jennifer_Aniston/Jennifer_Aniston_plusv2_02.png
syn_Jennifer_Aniston_03,Jennifer_Aniston,accepted,0.771966,ok,processed/synth/syn-plusv2/Jennifer_Aniston/Jennifer_Aniston_plusv2_03.png
syn_Jennifer_Aniston_04,Jennifer_Aniston,accepted,0.773718,ok,processed/synth/syn-plusv2/Jennifer_Aniston/Jennifer_Aniston_plusv2_04.png
syn_Jennifer_Aniston_05,Jennifer_Aniston,accepted,0.738927,ok,processed/synth/syn-plusv2/Jennifer_Aniston/Jennifer_Aniston_plusv2_05.png
syn_Jennifer_Aniston_06,Jennifer_Aniston,accepted,0.696650,ok,processed/synth/syn-plusv2/Jennifer_Aniston/Jennifer_Aniston_plusv2_06.png
syn_Jennifer_Aniston_07,Jennifer_Aniston,rejected,0.760272,redundant,processed/synth/syn-plusv2/Jennifer_Aniston/Jennifer_Aniston_plusv2_07.png
syn_Jennifer_Aniston_08,Jennifer_Aniston,accepted,0.750756,ok,processed/synth/syn-plusv2/Jennifer_Aniston/Jennifer_Aniston_plusv2_08.png
syn_Jennifer_Aniston_09,Jennifer_Aniston,accepted,0.749309,ok,processed/synth/syn-plusv2/Jennifer_Aniston/Jennifer_Aniston_plusv2_09.png
syn_Jennifer_Capriati_00,Jennifer_Capriati,accepted,0.581417,ok,processed/synth/syn-plusv2/Jennifer_Capriati/Jennifer_Capriati_plusv2_00.png
syn_Jennifer_Capriati_01,Jennifer_Capriati,rejected,0.639702,redundant,processed/synth/syn-plusv2/Jennifer_Capriati/Jennifer_Capriati_plusv2_01.png
syn_Jennifer_Capriati_02,Jennifer_Capriati,accepted,0.551540,ok,processed/synth/syn-plusv2/Jennifer_Capriati/Jennifer_Capriati_plusv2_02.png
syn_Jennifer_Capriati_03,Jennifer_Capriati,accepted,0.570578,ok,processed/synth/syn-plusv2/Jennifer_Capriati/Jennifer_Capriati_plusv2_03.png
syn_Jennifer_Capriati_04,Jennifer_Capriati,accepted,0.616429,ok,processed/synth/syn-plusv2/Jennifer_Capriati/Jennifer_Capriati_plusv2_04.png
syn_Jennifer_Capriati_05,Jennifer_Capriati,accepted,0.569797,ok,processed/synth/syn-plusv2/Jennifer_Capriati/Jennifer_Capriati_plusv2_05.png
syn_Jennifer_Capriati_06,Jennifer_Capriati,accepted,0.528170,ok,processed/synth/syn-plusv2/Jennifer_Capriati/Jennifer_Capriati_plusv2_06.png
syn_Jennifer_Capriati_07,Jennifer_Capriati,rejected,0.439857,ok,processed/synth/syn-plusv2/Jennifer_Capriati/Jennifer_Capriati_plusv2_07.png
syn_Jennifer_Capriati_08,Jennifer_Capriati,accepted,0.605502,ok,processed/synth/syn-plusv2/Jennifer_Capriati/Jennifer_Capriati_plusv2_08.png
syn_Jennifer_Capriati_09,Jennifer_Capriati,accepted,0.606048,ok,processed/synth/syn-plusv2/Jennifer_Capriati/Jennifer_Capriati_plusv2_09.png
syn_Jennifer_Lopez_00,Jennifer_Lopez,accepted,0.728050,ok,processed/synth/syn-plusv2/Jennifer_Lopez/Jennifer_Lopez_plusv2_00.png
syn_Jennifer_Lopez_01,Jennifer_Lopez,accepted,0.644769,ok,processed/synth/syn-plusv2/Jennifer_Lopez/Jennifer_Lopez_plusv2_01.png
syn_Jennifer_Lopez_02,Jennifer_Lopez,accepted,0.659915,ok,processed/synth/syn-plusv2/Jennifer_Lopez/Jennifer_Lopez_plusv2_02.png
syn_Jennifer_Lopez_03,Jennifer_Lopez,accepted,0.681459,ok,processed/synth/syn-plusv2/Jennifer_Lopez/Jennifer_Lopez_plusv2_03.png
syn_Jennifer_Lopez_04,Jennifer_Lopez,accepted,0.713829,ok,processed/synth/syn-plusv2/Jennifer_Lopez/Jennifer_Lopez_plusv2_04.png
syn_Jennifer_Lopez_05,Jennifer_Lopez,rejected,0.695580,redundant,processed/synth/syn-plusv2/Jennifer_Lopez/Jennifer_Lopez_plusv2_05.png
syn_Jennifer_Lopez_06,Jennifer_Lopez,accepted,0.678205,ok,processed/synth/syn-plusv2/Jennifer_Lopez/Jennifer_Lopez_plusv2_06.png
syn_Jennifer_Lopez_07,Jennifer_Lopez,rejected,0.675717,redundant,processed/synth/syn-plusv2/Jennifer_Lopez/Jennifer_Lopez_plusv2_07.png
syn_Jennifer_Lopez_08,Jennifer_Lopez,accepted,0.670490,ok,processed/synth/syn-plusv2/Jennifer_Lopez/Jennifer_Lopez_plusv2_08.png
syn_Jennifer_Lopez_09,Jennifer_Lopez,accepted,0.674036,ok,processed/synth/syn-plusv2/Jennifer_Lopez/Jennifer_Lopez_plusv2_09.png
syn_Jeremy_Greenstock_00,Jeremy_Greenstock,rejected,0.688125,redundant,processed/synth/syn-plusv2/Jeremy_Greenstock/Jeremy_Greenstock_plusv2_00.png
syn_Jeremy_Greenstock_01,Jeremy_Greenstock,accepted,0.698290,ok,processed/synth/syn-plusv2/Jeremy_Greenstock/Jeremy_Greenstock_plusv2_01.png
syn_Jeremy_Greenstock_02,Jeremy_Greenstock,accepted,0.675832,ok,processed/synth/syn-plusv2/Jeremy_Greenstock/Jeremy_Greenstock_plusv2_02.png
syn_Jeremy_Greenstock_03,Jeremy_Greenstock,accepted,0.698896,ok,processed/synth/syn-plusv2/Jeremy_Greenstock/Jeremy_Greenstock_plusv2_03.png
syn_Jeremy_Greenstock_04,Jeremy_Greenstock,rejected,0.714462,redundant,processed/synth/syn-plusv2/Jeremy_Greenstock/Jeremy_Greenstock_plusv2_04.png
syn_Jeremy_Greenstock_05,Jeremy_Greenstock,accepted,0.562217,ok,processed/synth/syn-plusv2/Jeremy_Greenstock/Jeremy_Greenstock_plusv2_05.png
syn_Jeremy_Greenstock_06,Jeremy_Greenstock,accepted,0.622729,ok,processed/synth/syn-plusv2/Jeremy_Greenstock/Jeremy_Greenstock_plusv2_06.png
syn_Jeremy_Greenstock_07,Jeremy_Greenstock,accepted,0.685064,ok,processed/synth/syn-plusv2/Jeremy_Greenstock/Jeremy_Greenstock_plusv2_07.png
syn_Jeremy_Greenstock_08,Jeremy_Greenstock,accepted,0.668387,ok,processed/synth/syn-plusv2/Jeremy_Greenstock/Jeremy_Greenstock_plusv2_08.png
syn_Jeremy_Greenstock_09,Jeremy_Greenstock,accepted,0.667737,ok,processed/synth/syn-plusv2/Jeremy_Greenstock/Jeremy_Greenstock_plusv2_09.png
syn_Jiang_Zemin_00,Jiang_Zemin,rejected,0.633022,redundant,processed/synth/syn-plusv2/Jiang_Zemin/Jiang_Zemin_plusv2_00.png
syn_Jiang_Zemin_01,Jiang_Zemin,accepted,0.712181,ok,processed/synth/syn-plusv2/Jiang_Zemin/Jiang_Zemin_plusv2_01.png
syn_Jiang_Zemin_02,Jiang_Zemin,accepted,0.477990,ok,processed/synth/syn-plusv2/Jiang_Zemin/Jiang_Zemin_plusv2_02.png
syn_Jiang_Zemin_03,Jiang_Zemin,accepted,0.689457,ok,processed/synth/syn-plusv2/Jiang_Zemin/Jiang_Zemin_plusv2_03.png
syn_Jiang_Zemin_04,Jiang_Zemin,accepted,0.686628,ok,processed/synth/syn-plusv2/Jiang_Zemin/Jiang_Zemin_plusv2_04.png
syn_Jiang_Zemin_05,Jiang_Zemin,accepted,0.519989,ok,processed/synth/syn-plusv2/Jiang_Zemin/Jiang_Zemin_plusv2_05.png
syn_Jiang_Zemin_06,Jiang_Zemin,accepted,0.538345,ok,processed/synth/syn-plusv2/Jiang_Zemin/Jiang_Zemin_plusv2_06.png
syn_Jiang_Zemin_07,Jiang_Zemin,accepted,0.613574,ok,processed/synth/syn-plusv2/Jiang_Zemin/Jiang_Zemin_plusv2_07.png
syn_Jiang_Zemin_08,Jiang_Zemin,rejected,0.408414,ok,processed/synth/syn-plusv2/Jiang_Zemin/Jiang_Zemin_plusv2_08.png
syn_Jiang_Zemin_09,Jiang_Zemin,accepted,0.594982,ok,processed/synth/syn-plusv2/Jiang_Zemin/Jiang_Zemin_plusv2_09.png
syn_John_Ashcroft_00,John_Ashcroft,rejected,0.442534,ok,processed/synth/syn-plusv2/John_Ashcroft/John_Ashcroft_plusv2_00.png
syn_John_Ashcroft_01,John_Ashcroft,accepted,0.502553,ok,processed/synth/syn-plusv2/John_Ashcroft/John_Ashcroft_plusv2_01.png
syn_John_Ashcroft_02,John_Ashcroft,accepted,0.532687,ok,processed/synth/syn-plusv2/John_Ashcroft/John_Ashcroft_plusv2_02.png
syn_John_Ashcroft_03,John_Ashcroft,rejected,0.424601,ok,processed/synth/syn-plusv2/John_Ashcroft/John_Ashcroft_plusv2_03.png
syn_John_Ashcroft_04,John_Ashcroft,accepted,0.539524,ok,processed/synth/syn-plusv2/John_Ashcroft/John_Ashcroft_plusv2_04.png
syn_John_Ashcroft_05,John_Ashcroft,accepted,0.527829,ok,processed/synth/syn-plusv2/John_Ashcroft/John_Ashcroft_plusv2_05.png
syn_John_Ashcroft_06,John_Ashcroft,accepted,0.531341,ok,processed/synth/syn-plusv2/John_Ashcroft/John_Ashcroft_plusv2_06.png
syn_John_Ashcroft_07,John_Ashcroft,accepted,0.533248,ok,processed/synth/syn-plusv2/John_Ashcroft/John_Ashcroft_plusv2_07.png
syn_John_Ashcroft_08,John_Ashcroft,accepted,0.509375,ok,processed/synth/syn-plusv2/John_Ashcroft/John_Ashcroft_plusv2_08.png
syn_John_Ashcroft_09,John_Ashcroft,accepted,0.534507,ok,processed/synth/syn-plusv2/John_Ashcroft/John_Ashcroft_plusv2_09.png
syn_John_Bolton_00,John_Bolton,accepted,0.485114,ok,processed/synth/syn-plusv2/John_Bolton/John_Bolton_plusv2_00.png
syn_John_Bolton_01,John_Bolton,accepted,0.560092,ok,processed/synth/syn-plusv2/John_Bolton/John_Bolton_plusv2_01.png
syn_John_Bolton_02,John_Bolton,rejected,0.404447,ok,processed/synth/syn-plusv2/John_Bolton/John_Bolton_plusv2_02.png
syn_John_Bolton_03,John_Bolton,rejected,0.400430,ok,processed/synth/syn-plusv2/John_Bolton/John_Bolton_plusv2_03.png
syn_John_Bolton_04,John_Bolton,accepted,0.523116,ok,processed/synth/syn-plusv2/John_Bolton/John_Bolton_plusv2_04.png
syn_John_Bolton_05,John_Bolton,accepted,0.605717,ok,processed/synth/syn-plusv2/John_Bolton/John_Bolton_plusv2_05.png
syn_John_Bolton_06,John_Bolton,accepted,0.489136,ok,processed/synth/syn-plusv2/John_Bolton/John_Bolton_plusv2_06.png
syn_John_Bolton_07,John_Bolton,rejected,0.385263,ok,processed/synth/syn-plusv2/John_Bolton/John_Bolton_plusv2_07.png
syn_John_Bolton_08,John_Bolton,accepted,0.540939,ok,processed/synth/syn-plusv2/John_Bolton/John_Bolton_plusv2_08.png
syn_John_Bolton_09,John_Bolton,accepted,0.534011,ok,processed/synth/syn-plusv2/John_Bolton/John_Bolton_plusv2_09.png
syn_John_Howard_00,John_Howard,rejected,0.349295,ok,processed/synth/syn-plusv2/John_Howard/John_Howard_plusv2_00.png
syn_John_Howard_01,John_Howard,accepted,0.496403,ok,processed/synth/syn-plusv2/John_Howard/John_Howard_plusv2_01.png
syn_John_Howard_02,John_Howard,accepted,0.484178,ok,processed/synth/syn-plusv2/John_Howard/John_Howard_plusv2_02.png
syn_John_Howard_03,John_Howard,accepted,0.596611,ok,processed/synth/syn-plusv2/John_Howard/John_Howard_plusv2_03.png
syn_John_Howard_04,John_Howard,accepted,0.592611,ok,processed/synth/syn-plusv2/John_Howard/John_Howard_plusv2_04.png
syn_John_Howard_05,John_Howard,rejected,0.432967,ok,processed/synth/syn-plusv2/John_Howard/John_Howard_plusv2_05.png
syn_John_Howard_06,John_Howard,accepted,0.451685,ok,processed/synth/syn-plusv2/John_Howard/John_Howard_plusv2_06.png
syn_John_Howard_07,John_Howard,rejected,0.375802,ok,processed/synth/syn-plusv2/John_Howard/John_Howard_plusv2_07.png
syn_John_Howard_08,John_Howard,rejected,0.438686,ok,processed/synth/syn-plusv2/John_Howard/John_Howard_plusv2_08.png
syn_John_Howard_09,John_Howard,rejected,0.413852,ok,processed/synth/syn-plusv2/John_Howard/John_Howard_plusv2_09.png
syn_John_Kerry_00,John_Kerry,rejected,0.410594,ok,processed/synth/syn-plusv2/John_Kerry/John_Kerry_plusv2_00.png
syn_John_Kerry_01,John_Kerry,accepted,0.605124,ok,processed/synth/syn-plusv2/John_Kerry/John_Kerry_plusv2_01.png
syn_John_Kerry_02,John_Kerry,rejected,0.415282,ok,processed/synth/syn-plusv2/John_Kerry/John_Kerry_plusv2_02.png
syn_John_Kerry_03,John_Kerry,rejected,0.422986,ok,processed/synth/syn-plusv2/John_Kerry/John_Kerry_plusv2_03.png
syn_John_Kerry_04,John_Kerry,accepted,0.616454,ok,processed/synth/syn-plusv2/John_Kerry/John_Kerry_plusv2_04.png
syn_John_Kerry_05,John_Kerry,accepted,0.571673,ok,processed/synth/syn-plusv2/John_Kerry/John_Kerry_plusv2_05.png
syn_John_Kerry_06,John_Kerry,rejected,0.415025,ok,processed/synth/syn-plusv2/John_Kerry/John_Kerry_plusv2_06.png
syn_John_Kerry_07,John_Kerry,accepted,0.548506,ok,processed/synth/syn-plusv2/John_Kerry/John_Kerry_plusv2_07.png
syn_John_Kerry_08,John_Kerry,accepted,0.613293,ok,processed/synth/syn-plusv2/John_Kerry/John_Kerry_plusv2_08.png
syn_John_Kerry_09,John_Kerry,accepted,0.574536,ok,processed/synth/syn-plusv2/John_Kerry/John_Kerry_plusv2_09.png
syn_John_Negroponte_00,John_Negroponte,rejected,0.602401,redundant,processed/synth/syn-plusv2/John_Negroponte/John_Negroponte_plusv2_00.png
syn_John_Negroponte_01,John_Negroponte,accepted,0.539025,ok,processed/synth/syn-plusv2/John_Negroponte/John_Negroponte_plusv2_01.png
syn_John_Negroponte_02,John_Negroponte,accepted,0.600983,ok,processed/synth/syn-plusv2/John_Negroponte/John_Negroponte_plusv2_02.png
syn_John_Negroponte_03,John_Negroponte,accepted,0.479563,ok,processed/synth/syn-plusv2/John_Negroponte/John_Negroponte_plusv2_03.png
syn_John_Negroponte_04,John_Negroponte,accepted,0.538175,ok,processed/synth/syn-plusv2/John_Negroponte/John_Negroponte_plusv2_04.png
syn_John_Negroponte_05,John_Negroponte,accepted,0.535971,ok,processed/synth/syn-plusv2/John_Negroponte/John_Negroponte_plusv2_05.png
syn_John_Negroponte_06,John_Negroponte,rejected,0.446635,ok,processed/synth/syn-plusv2/John_Negroponte/John_Negroponte_plusv2_06.png
syn_John_Negroponte_07,John_Negroponte,accepted,0.512447,ok,processed/synth/syn-plusv2/John_Negroponte/John_Negroponte_plusv2_07.png
syn_John_Negroponte_08,John_Negroponte,accepted,0.538163,ok,processed/synth/syn-plusv2/John_Negroponte/John_Negroponte_plusv2_08.png
syn_John_Negroponte_09,John_Negroponte,accepted,0.569351,ok,processed/synth/syn-plusv2/John_Negroponte/John_Negroponte_plusv2_09.png
syn_John_Snow_00,John_Snow,accepted,0.577951,ok,processed/synth/syn-plusv2/John_Snow/John_Snow_plusv2_00.png
syn_John_Snow_01,John_Snow,accepted,0.541895,ok,processed/synth/syn-plusv2/John_Snow/John_Snow_plusv2_01.png
syn_John_Snow_02,John_Snow,accepted,0.549403,ok,processed/synth/syn-plusv2/John_Snow/John_Snow_plusv2_02.png
syn_John_Snow_03,John_Snow,accepted,0.615720,ok,processed/synth/syn-plusv2/John_Snow/John_Snow_plusv2_03.png
syn_John_Snow_04,John_Snow,rejected,0.588021,redundant,processed/synth/syn-plusv2/John_Snow/John_Snow_plusv2_04.png
syn_John_Snow_05,John_Snow,accepted,0.557991,ok,processed/synth/syn-plusv2/John_Snow/John_Snow_plusv2_05.png
syn_John_Snow_06,John_Snow,accepted,0.473642,ok,processed/synth/syn-plusv2/John_Snow/John_Snow_plusv2_06.png
syn_John_Snow_07,John_Snow,rejected,0.435080,ok,processed/synth/syn-plusv2/John_Snow/John_Snow_plusv2_07.png
syn_John_Snow_08,John_Snow,accepted,0.574127,ok,processed/synth/syn-plusv2/John_Snow/John_Snow_plusv2_08.png
syn_John_Snow_09,John_Snow,accepted,0.588774,ok,processed/synth/syn-plusv2/John_Snow/John_Snow_plusv2_09.png
syn_Joschka_Fischer_00,Joschka_Fischer,rejected,0.675431,redundant,processed/synth/syn-plusv2/Joschka_Fischer/Joschka_Fischer_plusv2_00.png
syn_Joschka_Fischer_01,Joschka_Fischer,accepted,0.698200,ok,processed/synth/syn-plusv2/Joschka_Fischer/Joschka_Fischer_plusv2_01.png
syn_Joschka_Fischer_02,Joschka_Fischer,accepted,0.559560,ok,processed/synth/syn-plusv2/Joschka_Fischer/Joschka_Fischer_plusv2_02.png
syn_Joschka_Fischer_03,Joschka_Fischer,accepted,0.633576,ok,processed/synth/syn-plusv2/Joschka_Fischer/Joschka_Fischer_plusv2_03.png
syn_Joschka_Fischer_04,Joschka_Fischer,accepted,0.617711,ok,processed/synth/syn-plusv2/Joschka_Fischer/Joschka_Fischer_plusv2_04.png
syn_Joschka_Fischer_05,Joschka_Fischer,rejected,0.593224,redundant,processed/synth/syn-plusv2/Joschka_Fischer/Joschka_Fischer_plusv2_05.png
syn_Joschka_Fischer_06,Joschka_Fischer,accepted,0.577461,ok,processed/synth/syn-plusv2/Joschka_Fischer/Joschka_Fischer_plusv2_06.png
syn_Joschka_Fischer_07,Joschka_Fischer,accepted,0.673582,ok,processed/synth/syn-plusv2/Joschka_Fischer/Joschka_Fischer_plusv2_07.png
syn_Joschka_Fischer_08,Joschka_Fischer,accepted,0.531879,ok,processed/synth/syn-plusv2/Joschka_Fischer/Joschka_Fischer_plusv2_08.png
syn_Joschka_Fischer_09,Joschka_Fischer,accepted,0.592243,ok,processed/synth/syn-plusv2/Joschka_Fischer/Joschka_Fischer_plusv2_09.png
syn_Jose_Maria_Aznar_00,Jose_Maria_Aznar,accepted,0.631305,ok,processed/synth/syn-plusv2/Jose_Maria_Aznar/Jose_Maria_Aznar_plusv2_00.png
syn_Jose_Maria_Aznar_01,Jose_Maria_Aznar,accepted,0.722076,ok,processed/synth/syn-plusv2/Jose_Maria_Aznar/Jose_Maria_Aznar_plusv2_01.png
syn_Jose_Maria_Aznar_02,Jose_Maria_Aznar,accepted,0.595831,ok,processed/synth/syn-plusv2/Jose_Maria_Aznar/Jose_Maria_Aznar_plusv2_02.png
syn_Jose_Maria_Aznar_03,Jose_Maria_Aznar,accepted,0.702114,ok,processed/synth/syn-plusv2/Jose_Maria_Aznar/Jose_Maria_Aznar_plusv2_03.png
syn_Jose_Maria_Aznar_04,Jose_Maria_Aznar,rejected,0.661258,redundant,processed/synth/syn-plusv2/Jose_Maria_Aznar/Jose_Maria_Aznar_plusv2_04.png
syn_Jose_Maria_Aznar_05,Jose_Maria_Aznar,accepted,0.610188,ok,processed/synth/syn-plusv2/Jose_Maria_Aznar/Jose_Maria_Aznar_plusv2_05.png
syn_Jose_Maria_Aznar_06,Jose_Maria_Aznar,accepted,0.647262,ok,processed/synth/syn-plusv2/Jose_Maria_Aznar/Jose_Maria_Aznar_plusv2_06.png
syn_Jose_Maria_Aznar_07,Jose_Maria_Aznar,rejected,0.645180,redundant,processed/synth/syn-plusv2/Jose_Maria_Aznar/Jose_Maria_Aznar_plusv2_07.png
syn_Jose_Maria_Aznar_08,Jose_Maria_Aznar,accepted,0.627058,ok,processed/synth/syn-plusv2/Jose_Maria_Aznar/Jose_Maria_Aznar_plusv2_08.png
syn_Jose_Maria_Aznar_09,Jose_Maria_Aznar,accepted,0.654254,ok,processed/synth/syn-plusv2/Jose_Maria_Aznar/Jose_Maria_Aznar_plusv2_09.png
syn_Juan_Carlos_Ferrero_00,Juan_Carlos_Ferrero,accepted,0.596809,ok,processed/synth/syn-plusv2/Juan_Carlos_Ferrero/Juan_Carlos_Ferrero_plusv2_00.png
syn_Juan_Carlos_Ferrero_01,Juan_Carlos_Ferrero,rejected,0.675353,redundant,processed/synth/syn-plusv2/Juan_Carlos_Ferrero/Juan_Carlos_Ferrero_plusv2_01.png
syn_Juan_Carlos_Ferrero_02,Juan_Carlos_Ferrero,accepted,0.672889,ok,processed/synth/syn-plusv2/Juan_Carlos_Ferrero/Juan_Carlos_Ferrero_plusv2_02.png
syn_Juan_Carlos_Ferrero_03,Juan_Carlos_Ferrero,accepted,0.679941,ok,processed/synth/syn-plusv2/Juan_Carlos_Ferrero/Juan_Carlos_Ferrero_plusv2_03.png
syn_Juan_Carlos_Ferrero_04,Juan_Carlos_Ferrero,accepted,0.646661,ok,processed/synth/syn-plusv2/Juan_Carlos_Ferrero/Juan_Carlos_Ferrero_plusv2_04.png
syn_Juan_Carlos_Ferrero_05,Juan_Carlos_Ferrero,accepted,0.643216,ok,processed/synth/syn-plusv2/Juan_Carlos_Ferrero/Juan_Carlos_Ferrero_plusv2_05.png
syn_Juan_Carlos_Ferrero_06,Juan_Carlos_Ferrero,accepted,0.643076,ok,processed/synth/syn-plusv2/Juan_Carlos_Ferrero/Juan_Carlos_Ferrero_plusv2_06.png
syn_Juan_Carlos_Ferrero_07,Juan_Carlos_Ferrero,accepted,0.688355,ok,processed/synth/syn-plusv2/Juan_Carlos_Ferrero/Juan_Carlos_Ferrero_plusv2_07.png
syn_Juan_Carlos_Ferrero_08,Juan_Carlos_Ferrero,accepted,0.658870,ok,processed/synth/syn-plusv2/Juan_Carlos_Ferrero/Juan_Carlos_Ferrero_plusv2_08.png
syn_Juan_Carlos_Ferrero_09,Juan_Carlos_Ferrero,rejected,0.701747,redundant,processed/synth/syn-plusv2/Juan_Carlos_Ferrero/Juan_Carlos_Ferrero_plusv2_09.png
syn_Julianne_Moore_00,Julianne_Moore,accepted,0.721624,ok,processed/synth/syn-plusv2/Julianne_Moore/Julianne_Moore_plusv2_00.png
syn_Julianne_Moore_01,Julianne_Moore,accepted,0.719464,ok,processed/synth/syn-plusv2/Julianne_Moore/Julianne_Moore_plusv2_01.png
syn_Julianne_Moore_02,Julianne_Moore,rejected,0.693032,redundant,processed/synth/syn-plusv2/Julianne_Moore/Julianne_Moore_plusv2_02.png
syn_Julianne_Moore_03,Julianne_Moore,accepted,0.695536,ok,processed/synth/syn-plusv2/Julianne_Moore/Julianne_Moore_plusv2_03.png
syn_Julianne_Moore_04,Julianne_Moore,accepted,0.689974,ok,processed/synth/syn-plusv2/Julianne_Moore/Julianne_Moore_plusv2_04.png
syn_Julianne_Moore_05,Julianne_Moore,rejected,0.737387,redundant,processed/synth/syn-plusv2/Julianne_Moore/Julianne_Moore_plusv2_05.png
syn_Julianne_Moore_06,Julianne_Moore,accepted,0.624872,ok,processed/synth/syn-plusv2/Julianne_Moore/Julianne_Moore_plusv2_06.png
syn_Julianne_Moore_07,Julianne_Moore,accepted,0.578068,ok,processed/synth/syn-plusv2/Julianne_Moore/Julianne_Moore_plusv2_07.png
syn_Julianne_Moore_08,Julianne_Moore,accepted,0.658706,ok,processed/synth/syn-plusv2/Julianne_Moore/Julianne_Moore_plusv2_08.png
syn_Julianne_Moore_09,Julianne_Moore,accepted,0.718442,ok,processed/synth/syn-plusv2/Julianne_Moore/Julianne_Moore_plusv2_09.png
syn_Julie_Gerberding_00,Julie_Gerberding,rejected,0.687248,redundant,processed/synth/syn-plusv2/Julie_Gerberding/Julie_Gerberding_plusv2_00.png
syn_Julie_Gerberding_01,Julie_Gerberding,accepted,0.597521,ok,processed/synth/syn-plusv2/Julie_Gerberding/Julie_Gerberding_plusv2_01.png
syn_Julie_Gerberding_02,Julie_Gerberding,accepted,0.589795,ok,processed/synth/syn-plusv2/Julie_Gerberding/Julie_Gerberding_plusv2_02.png
syn_Julie_Gerberding_03,Julie_Gerberding,accepted,0.686165,ok,processed/synth/syn-plusv2/Julie_Gerberding/Julie_Gerberding_plusv2_03.png
syn_Julie_Gerberding_04,Julie_Gerberding,accepted,0.588909,ok,processed/synth/syn-plusv2/Julie_Gerberding/Julie_Gerberding_plusv2_04.png
syn_Julie_Gerberding_05,Julie_Gerberding,accepted,0.603616,ok,processed/synth/syn-plusv2/Julie_Gerberding/Julie_Gerberding_plusv2_05.png
syn_Julie_Gerberding_06,Julie_Gerberding,rejected,0.681026,redundant,processed/synth/syn-plusv2/Julie_Gerberding/Julie_Gerberding_plusv2_06.png
syn_Julie_Gerberding_07,Julie_Gerberding,accepted,0.608981,ok,processed/synth/syn-plusv2/Julie_Gerberding/Julie_Gerberding_plusv2_07.png
syn_Julie_Gerberding_08,Julie_Gerberding,accepted,0.606448,ok,processed/synth/syn-plusv2/Julie_Gerberding/Julie_Gerberding_plusv2_08.png
syn_Julie_Gerberding_09,Julie_Gerberding,accepted,0.634837,ok,processed/synth/syn-plusv2/Julie_Gerberding/Julie_Gerberding_plusv2_09.png
syn_Junichiro_Koizumi_00,Junichiro_Koizumi,accepted,0.743899,ok,processed/synth/syn-plusv2/Junichiro_Koizumi/Junichiro_Koizumi_plusv2_00.png
syn_Junichiro_Koizumi_01,Junichiro_Koizumi,accepted,0.702890,ok,processed/synth/syn-plusv2/Junichiro_Koizumi/Junichiro_Koizumi_plusv2_01.png
syn_Junichiro_Koizumi_02,Junichiro_Koizumi,accepted,0.652679,ok,processed/synth/syn-plusv2/Junichiro_Koizumi/Junichiro_Koizumi_plusv2_02.png
syn_Junichiro_Koizumi_03,Junichiro_Koizumi,accepted,0.723677,ok,processed/synth/syn-plusv2/Junichiro_Koizumi/Junichiro_Koizumi_plusv2_03.png
syn_Junichiro_Koizumi_04,Junichiro_Koizumi,rejected,0.721959,redundant,processed/synth/syn-plusv2/Junichiro_Koizumi/Junichiro_Koizumi_plusv2_04.png
syn_Junichiro_Koizumi_05,Junichiro_Koizumi,accepted,0.670398,ok,processed/synth/syn-plusv2/Junichiro_Koizumi/Junichiro_Koizumi_plusv2_05.png
syn_Junichiro_Koizumi_06,Junichiro_Koizumi,accepted,0.724336,ok,processed/synth/syn-plusv2/Junichiro_Koizumi/Junichiro_Koizumi_plusv2_06.png
syn_Junichiro_Koizumi_07,Junichiro_Koizumi,rejected,0.734587,redundant,processed/synth/syn-plusv2/Junichiro_Koizumi/Junichiro_Koizumi_plusv2_07.png
syn_Junichiro_Koizumi_08,Junichiro_Koizumi,accepted,0.721483,ok,processed/synth/syn-plusv2/Junichiro_Koizumi/Junichiro_Koizumi_plusv2_08.png
syn_Junichiro_Koizumi_09,Junichiro_Koizumi,accepted,0.709915,ok,processed/synth/syn-plusv2/Junichiro_Koizumi/Junichiro_Koizumi_plusv2_09.png
syn_Kofi_Annan_00,Kofi_Annan,accepted,0.713909,ok,processed/synth/syn-plusv2/Kofi_Annan/Kofi_Annan_plusv2_00.png
syn_Kofi_Annan_01,Kofi_Annan,rejected,0.718250,redundant,processed/synth/syn-plusv2/Kofi_Annan/Kofi_Annan_plusv2_01.png
syn_Kofi_Annan_02,Kofi_Annan,accepted,0.710954,ok,processed/synth/syn-plusv2/Kofi_Annan/Kofi_Annan_plusv2_02.png
syn_Kofi_Annan_03,Kofi_Annan,accepted,0.724884,ok,processed/synth/syn-plusv2/Kofi_Annan/Kofi_Annan_plusv2_03.png
syn_Kofi_Annan_04,Kofi_Annan,accepted,0.728220,ok,processed/synth/syn-plusv2/Kofi_Annan/Kofi_Annan_plusv2_04.png
syn_Kofi_Annan_05,Kofi_Annan,accepted,0.760903,ok,processed/synth/syn-plusv2/Kofi_Annan/Kofi_Annan_plusv2_05.png
syn_Kofi_Annan_06,Kofi_Annan,accepted,0.663042,ok,processed/synth/syn-plusv2/Kofi_Annan/Kofi_Annan_plusv2_06.png
syn_Kofi_Annan_07,Kofi_Annan,accepted,0.684451,ok,processed/synth/syn-plusv2/Kofi_Annan/Kofi_Annan_plusv2_07.png
syn_Kofi_Annan_08,Kofi_Annan,accepted,0.664370,ok,processed/synth/syn-plusv2/Kofi_Annan/Kofi_Annan_plusv2_08.png
syn_Kofi_Annan_09,Kofi_Annan,rejected,0.740236,redundant,processed/synth/syn-plusv2/Kofi_Annan/Kofi_Annan_plusv2_09.png
syn_Lance_Armstrong_00,Lance_Armstrong,accepted,0.490286,ok,processed/synth/syn-plusv2/Lance_Armstrong/Lance_Armstrong_plusv2_00.png
syn_Lance_Armstrong_01,Lance_Armstrong,accepted,0.646175,ok,processed/synth/syn-plusv2/Lance_Armstrong/Lance_Armstrong_plusv2_01.png
syn_Lance_Armstrong_02,Lance_Armstrong,accepted,0.571964,ok,processed/synth/syn-plusv2/Lance_Armstrong/Lance_Armstrong_plusv2_02.png
syn_Lance_Armstrong_03,Lance_Armstrong,accepted,0.652958,ok,processed/synth/syn-plusv2/Lance_Armstrong/Lance_Armstrong_plusv2_03.png
syn_Lance_Armstrong_04,Lance_Armstrong,rejected,0.663147,redundant,processed/synth/syn-plusv2/Lance_Armstrong/Lance_Armstrong_plusv2_04.png
syn_Lance_Armstrong_05,Lance_Armstrong,rejected,0.403402,ok,processed/synth/syn-plusv2/Lance_Armstrong/Lance_Armstrong_plusv2_05.png
syn_Lance_Armstrong_06,Lance_Armstrong,accepted,0.566068,ok,processed/synth/syn-plusv2/Lance_Armstrong/Lance_Armstrong_plusv2_06.png
syn_Lance_Armstrong_07,Lance_Armstrong,accepted,0.652605,ok,processed/synth/syn-plusv2/Lance_Armstrong/Lance_Armstrong_plusv2_07.png
syn_Lance_Armstrong_08,Lance_Armstrong,accepted,0.597051,ok,processed/synth/syn-plusv2/Lance_Armstrong/Lance_Armstrong_plusv2_08.png
syn_Lance_Armstrong_09,Lance_Armstrong,accepted,0.628093,ok,processed/synth/syn-plusv2/Lance_Armstrong/Lance_Armstrong_plusv2_09.png
syn_Laura_Bush_00,Laura_Bush,accepted,0.597991,ok,processed/synth/syn-plusv2/Laura_Bush/Laura_Bush_plusv2_00.png
syn_Laura_Bush_01,Laura_Bush,rejected,0.676760,redundant,processed/synth/syn-plusv2/Laura_Bush/Laura_Bush_plusv2_01.png
syn_Laura_Bush_02,Laura_Bush,accepted,0.660405,ok,processed/synth/syn-plusv2/Laura_Bush/Laura_Bush_plusv2_02.png
syn_Laura_Bush_03,Laura_Bush,accepted,0.666411,ok,processed/synth/syn-plusv2/Laura_Bush/Laura_Bush_plusv2_03.png
syn_Laura_Bush_04,Laura_Bush,accepted,0.637942,ok,processed/synth/syn-plusv2/Laura_Bush/Laura_Bush_plusv2_04.png
syn_Laura_Bush_05,Laura_Bush,accepted,0.682020,ok,processed/synth/syn-plusv2/Laura_Bush/Laura_Bush_plusv2_05.png
syn_Laura_Bush_06,Laura_Bush,rejected,0.689826,redundant,processed/synth/syn-plusv2/Laura_Bush/Laura_Bush_plusv2_06.png
syn_Laura_Bush_07,Laura_Bush,accepted,0.628441,ok,processed/synth/syn-plusv2/Laura_Bush/Laura_Bush_plusv2_07.png
syn_Laura_Bush_08,Laura_Bush,accepted,0.682553,ok,processed/synth/syn-plusv2/Laura_Bush/Laura_Bush_plusv2_08.png
syn_Laura_Bush_09,Laura_Bush,accepted,0.630931,ok,processed/synth/syn-plusv2/Laura_Bush/Laura_Bush_plusv2_09.png
syn_Lindsay_Davenport_00,Lindsay_Davenport,accepted,0.768347,ok,processed/synth/syn-plusv2/Lindsay_Davenport/Lindsay_Davenport_plusv2_00.png
syn_Lindsay_Davenport_01,Lindsay_Davenport,accepted,0.694921,ok,processed/synth/syn-plusv2/Lindsay_Davenport/Lindsay_Davenport_plusv2_01.png
syn_Lindsay_Davenport_02,Lindsay_Davenport,rejected,0.756199,redundant,processed/synth/syn-plusv2/Lindsay_Davenport/Lindsay_Davenport_plusv2_02.png
syn_Lindsay_Davenport_03,Lindsay_Davenport,accepted,0.661580,ok,processed/synth/syn-plusv2/Lindsay_Davenport/Lindsay_Davenport_plusv2_03.png
syn_Lindsay_Davenport_04,Lindsay_Davenport,accepted,0.750771,ok,processed/synth/syn-plusv2/Lindsay_Davenport/Lindsay_Davenport_plusv2_04.png
syn_Lindsay_Davenport_05,Lindsay_Davenport,accepted,0.683474,ok,processed/synth/syn-plusv2/Lindsay_Davenport/Lindsay_Davenport_plusv2_05.png
syn_Lindsay_Davenport_06,Lindsay_Davenport,accepted,0.703679,ok,processed/synth/syn-plusv2/Lindsay_Davenport/Lindsay_Davenport_plusv2_06.png
syn_Lindsay_Davenport_07,Lindsay_Davenport,accepted,0.649025,ok,processed/synth/syn-plusv2/Lindsay_Davenport/Lindsay_Davenport_plusv2_07.png
syn_Lindsay_Davenport_08,Lindsay_Davenport,accepted,0.678560,ok,processed/synth/syn-plusv2/Lindsay_Davenport/Lindsay_Davenport_plusv2_08.png
syn_Lindsay_Davenport_09,Lindsay_Davenport,rejected,0.356619,ok,processed/synth/syn-plusv2/Lindsay_Davenport/Lindsay_Davenport_plusv2_09.png
syn_Lleyton_Hewitt_00,Lleyton_Hewitt,accepted,0.657208,ok,processed/synth/syn-plusv2/Lleyton_Hewitt/Lleyton_Hewitt_plusv2_00.png
syn_Lleyton_Hewitt_01,Lleyton_Hewitt,accepted,0.661376,ok,processed/synth/syn-plusv2/Lleyton_Hewitt/Lleyton_Hewitt_plusv2_01.png
syn_Lleyton_Hewitt_02,Lleyton_Hewitt,accepted,0.592626,ok,processed/synth/syn-plusv2/Lleyton_Hewitt/Lleyton_Hewitt_plusv2_02.png
syn_Lleyton_Hewitt_03,Lleyton_Hewitt,accepted,0.704399,ok,processed/synth/syn-plusv2/Lleyton_Hewitt/Lleyton_Hewitt_plusv2_03.png
syn_Lleyton_Hewitt_04,Lleyton_Hewitt,accepted,0.616276,ok,processed/synth/syn-plusv2/Lleyton_Hewitt/Lleyton_Hewitt_plusv2_04.png
syn_Lleyton_Hewitt_05,Lleyton_Hewitt,accepted,0.577291,ok,processed/synth/syn-plusv2/Lleyton_Hewitt/Lleyton_Hewitt_plusv2_05.png
syn_Lleyton_Hewitt_06,Lleyton_Hewitt,rejected,0.432514,ok,processed/synth/syn-plusv2/Lleyton_Hewitt/Lleyton_Hewitt_plusv2_06.png
syn_Lleyton_Hewitt_07,Lleyton_Hewitt,rejected,0.447874,ok,processed/synth/syn-plusv2/Lleyton_Hewitt/Lleyton_Hewitt_plusv2_07.png
syn_Lleyton_Hewitt_08,Lleyton_Hewitt,accepted,0.490359,ok,processed/synth/syn-plusv2/Lleyton_Hewitt/Lleyton_Hewitt_plusv2_08.png
syn_Lleyton_Hewitt_09,Lleyton_Hewitt,accepted,0.600523,ok,processed/synth/syn-plusv2/Lleyton_Hewitt/Lleyton_Hewitt_plusv2_09.png
syn_Luiz_Inacio_Lula_da_Silva_00,Luiz_Inacio_Lula_da_Silva,rejected,0.695008,redundant,processed/synth/syn-plusv2/Luiz_Inacio_Lula_da_Silva/Luiz_Inacio_Lula_da_Silva_plusv2_00.png
syn_Luiz_Inacio_Lula_da_Silva_01,Luiz_Inacio_Lula_da_Silva,accepted,0.699963,ok,processed/synth/syn-plusv2/Luiz_Inacio_Lula_da_Silva/Luiz_Inacio_Lula_da_Silva_plusv2_01.png
syn_Luiz_Inacio_Lula_da_Silva_02,Luiz_Inacio_Lula_da_Silva,accepted,0.640118,ok,processed/synth/syn-plusv2/Luiz_Inacio_Lula_da_Silva/Luiz_Inacio_Lula_da_Silva_plusv2_02.png
syn_Luiz_Inacio_Lula_da_Silva_03,Luiz_Inacio_Lula_da_Silva,accepted,0.683616,ok,processed/synth/syn-plusv2/Luiz_Inacio_Lula_da_Silva/Luiz_Inacio_Lula_da_Silva_plusv2_03.png
syn_Luiz_Inacio_Lula_da_Silva_04,Luiz_Inacio_Lula_da_Silva,accepted,0.696585,ok,processed/synth/syn-plusv2/Luiz_Inacio_Lula_da_Silva/Luiz_Inacio_Lula_da_Silva_plusv2_04.png
syn_Luiz_Inacio_Lula_da_Silva_05,Luiz_Inacio_Lula_da_Silva,accepted,0.704256,ok,processed/synth/syn-plusv2/Luiz_Inacio_Lula_da_Silva/Luiz_Inacio_Lula_da_Silva_plusv2_05.png
syn_Luiz_Inacio_Lula_da_Silva_06,Luiz_Inacio_Lula_da_Silva,accepted,0.667592,ok,processed/synth/syn-plusv2/Luiz_Inacio_Lula_da_Silva/Luiz_Inacio_Lula_da_Silva_plusv2_06.png
syn_Luiz_Inacio_Lula_da_Silva_07,Luiz_Inacio_Lula_da_Silva,accepted,0.697959,ok,processed/synth/syn-plusv2/Luiz_Inacio_Lula_da_Silva/Luiz_Inacio_Lula_da_Silva_plusv2_07.png
syn_Luiz_Inacio_Lula_da_Silva_08,Luiz_Inacio_Lula_da_Silva,rejected,0.661735,redundant,processed/synth/syn-plusv2/Luiz_Inacio_Lula_da_Silva/Luiz_Inacio_Lula_da_Silva_plusv2_08.png
syn_Luiz_Inacio_Lula_da_Silva_09,Luiz_Inacio_Lula_da_Silva,accepted,0.677046,ok,processed/synth/syn-plusv2/Luiz_Inacio_Lula_da_Silva/Luiz_Inacio_Lula_da_Silva_plusv2_09.png
syn_Mahmoud_Abbas_00,Mahmoud_Abbas,accepted,0.628566,ok,processed/synth/syn-plusv2/Mahmoud_Abbas/Mahmoud_Abbas_plusv2_00.png
syn_Mahmoud_Abbas_01,Mahmoud_Abbas,rejected,0.632994,redundant,processed/synth/syn-plusv2/Mahmoud_Abbas/Mahmoud_Abbas_plusv2_01.png
syn_Mahmoud_Abbas_02,Mahmoud_Abbas,accepted,0.655492,ok,processed/synth/syn-plusv2/Mahmoud_Abbas/Mahmoud_Abbas_plusv2_02.png
syn_Mahmoud_Abbas_03,Mahmoud_Abbas,accepted,0.562935,ok,processed/synth/syn-plusv2/Mahmoud_Abbas/Mahmoud_Abbas_plusv2_03.png
syn_Mahmoud_Abbas_04,Mahmoud_Abbas,accepted,0.519703,ok,processed/synth/syn-plusv2/Mahmoud_Abbas/Mahmoud_Abbas_plusv2_04.png
syn_Mahmoud_Abbas_05,Mahmoud_Abbas,accepted,0.544951,ok,processed/synth/syn-plusv2/Mahmoud_Abbas/Mahmoud_Abbas_plusv2_05.png
syn_Mahmoud_Abbas_06,Mahmoud_Abbas,accepted,0.626061,ok,processed/synth/syn-plusv2/Mahmoud_Abbas/Mahmoud_Abbas_plusv2_06.png
syn_Mahmoud_Abbas_07,Mahmoud_Abbas,rejected,0.668133,redundant,processed/synth/syn-plusv2/Mahmoud_Abbas/Mahmoud_Abbas_plusv2_07.png
syn_Mahmoud_Abbas_08,Mahmoud_Abbas,accepted,0.531902,ok,processed/synth/syn-plusv2/Mahmoud_Abbas/Mahmoud_Abbas_plusv2_08.png
syn_Mahmoud_Abbas_09,Mahmoud_Abbas,accepted,0.631514,ok,processed/synth/syn-plusv2/Mahmoud_Abbas/Mahmoud_Abbas_plusv2_09.png
syn_Megawati_Sukarnoputri_00,Megawati_Sukarnoputri,rejected,0.565881,redundant,processed/synth/syn-plusv2/Megawati_Sukarnoputri/Megawati_Sukarnoputri_plusv2_00.png
syn_Megawati_Sukarnoputri_01,Megawati_Sukarnoputri,accepted,0.651593,ok,processed/synth/syn-plusv2/Megawati_Sukarnoputri/Megawati_Sukarnoputri_plusv2_01.png
syn_Megawati_Sukarnoputri_02,Megawati_Sukarnoputri,accepted,0.659387,ok,processed/synth/syn-plusv2/Megawati_Sukarnoputri/Megawati_Sukarnoputri_plusv2_02.png
syn_Megawati_Sukarnoputri_03,Megawati_Sukarnoputri,accepted,0.622499,ok,processed/synth/syn-plusv2/Megawati_Sukarnoputri/Megawati_Sukarnoputri_plusv2_03.png
syn_Megawati_Sukarnoputri_04,Megawati_Sukarnoputri,accepted,0.557731,ok,processed/synth/syn-plusv2/Megawati_Sukarnoputri/Megawati_Sukarnoputri_plusv2_04.png
syn_Megawati_Sukarnoputri_05,Megawati_Sukarnoputri,accepted,0.578447,ok,processed/synth/syn-plusv2/Megawati_Sukarnoputri/Megawati_Sukarnoputri_plusv2_05.png
syn_Megawati_Sukarnoputri_06,Megawati_Sukarnoputri,rejected,0.439773,ok,processed/synth/syn-plusv2/Megawati_Sukarnoputri/Megawati_Sukarnoputri_plusv2_06.png
syn_Megawati_Sukarnoputri_07,Megawati_Sukarnoputri,accepted,0.536400,ok,processed/synth/syn-plusv2/Megawati_Sukarnoputri/Megawati_Sukarnoputri_plusv2_07.png
syn_Megawati_Sukarnoputri_08,Megawati_Sukarnoputri,accepted,0.588276,ok,processed/synth/syn-plusv2/Megawati_Sukarnoputri/Megawati_Sukarnoputri_plusv2_08.png
syn_Megawati_Sukarnoputri_09,Megawati_Sukarnoputri,accepted,0.613706,ok,processed/synth/syn-plusv2/Megawati_Sukarnoputri/Megawati_Sukarnoputri_plusv2_09.png
syn_Meryl_Streep_00,Meryl_Streep,accepted,0.635215,ok,processed/synth/syn-plusv2/Meryl_Streep/Meryl_Streep_plusv2_00.png
syn_Meryl_Streep_01,Meryl_Streep,accepted,0.719234,ok,processed/synth/syn-plusv2/Meryl_Streep/Meryl_Streep_plusv2_01.png
syn_Meryl_Streep_02,Meryl_Streep,accepted,0.639528,ok,processed/synth/syn-plusv2/Meryl_Streep/Meryl_Streep_plusv2_02.png
syn_Meryl_Streep_03,Meryl_Streep,rejected,0.730497,redundant,processed/synth/syn-plusv2/Meryl_Streep/Meryl_Streep_plusv2_03.png
syn_Meryl_Streep_04,Meryl_Streep,accepted,0.647322,ok,processed/synth/syn-plusv2/Meryl_Streep/Meryl_Streep_plusv2_04.png
syn_Meryl_Streep_05,Meryl_Streep,accepted,0.729410,ok,processed/synth/syn-plusv2/Meryl_Streep/Meryl_Streep_plusv2_05.png
syn_Meryl_Streep_06,Meryl_Streep,accepted,0.623794,ok,processed/synth/syn-plusv2/Meryl_Streep/Meryl_Streep_plusv2_06.png
syn_Meryl_Streep_07,Meryl_Streep,accepted,0.534643,ok,processed/synth/syn-plusv2/Meryl_Streep/Meryl_Streep_plusv2_07.png
syn_Meryl_Streep_08,Meryl_Streep,rejected,0.704933,redundant,processed/synth/syn-plusv2/Meryl_Streep/Meryl_Streep_plusv2_08.png
syn_Meryl_Streep_09,Meryl_Streep,accepted,0.476385,ok,processed/synth/syn-plusv2/Meryl_Streep/Meryl_Streep_plusv2_09.png
syn_Michael_Bloomberg_00,Michael_Bloomberg,accepted,0.616581,ok,processed/synth/syn-plusv2/Michael_Bloomberg/Michael_Bloomberg_plusv2_00.png
syn_Michael_Bloomberg_01,Michael_Bloomberg,accepted,0.678059,ok,processed/synth/syn-plusv2/Michael_Bloomberg/Michael_Bloomberg_plusv2_01.png
syn_Michael_Bloomberg_02,Michael_Bloomberg,accepted,0.708945,ok,processed/synth/syn-plusv2/Michael_Bloomberg/Michael_Bloomberg_plusv2_02.png
syn_Michael_Bloomberg_03,Michael_Bloomberg,accepted,0.715901,ok,processed/synth/syn-plusv2/Michael_Bloomberg/Michael_Bloomberg_plusv2_03.png
syn_Michael_Bloomberg_04,Michael_Bloomberg,accepted,0.715061,ok,processed/synth/syn-plusv2/Michael_Bloomberg/Michael_Bloomberg_plusv2_04.png
syn_Michael_Bloomberg_05,Michael_Bloomberg,accepted,0.749312,ok,processed/synth/syn-plusv2/Michael_Bloomberg/Michael_Bloomberg_plusv2_05.png
syn_Michael_Bloomberg_06,Michael_Bloomberg,accepted,0.725666,ok,processed/synth/syn-plusv2/Michael_Bloomberg/Michael_Bloomberg_plusv2_06.png
syn_Michael_Bloomberg_07,Michael_Bloomberg,rejected,0.706234,redundant,processed/synth/syn-plusv2/Michael_Bloomberg/Michael_Bloomberg_plusv2_07.png
syn_Michael_Bloomberg_08,Michael_Bloomberg,accepted,0.741695,ok,processed/synth/syn-plusv2/Michael_Bloomberg/Michael_Bloomberg_plusv2_08.png
syn_Michael_Bloomberg_09,Michael_Bloomberg,rejected,0.749563,redundant,processed/synth/syn-plusv2/Michael_Bloomberg/Michael_Bloomberg_plusv2_09.png
syn_Michael_Schumacher_00,Michael_Schumacher,accepted,0.615099,ok,processed/synth/syn-plusv2/Michael_Schumacher/Michael_Schumacher_plusv2_00.png
syn_Michael_Schumacher_01,Michael_Schumacher,accepted,0.669814,ok,processed/synth/syn-plusv2/Michael_Schumacher/Michael_Schumacher_plusv2_01.png
syn_Michael_Schumacher_02,Michael_Schumacher,accepted,0.590423,ok,processed/synth/syn-plusv2/Michael_Schumacher/Michael_Schumacher_plusv2_02.png
syn_Michael_Schumacher_03,Michael_Schumacher,accepted,0.610096,ok,processed/synth/syn-plusv2/Michael_Schumacher/Michael_Schumacher_plusv2_03.png
syn_Michael_Schumacher_04,Michael_Schumacher,rejected,0.641086,redundant,processed/synth/syn-plusv2/Michael_Schumacher/Michael_Schumacher_plusv2_04.png
syn_Michael_Schumacher_05,Michael_Schumacher,accepted,0.509356,ok,processed/synth/syn-plusv2/Michael_Schumacher/Michael_Schumacher_plusv2_05.png
syn_Michael_Schumacher_06,Michael_Schumacher,rejected,0.573962,redundant,processed/synth/syn-plusv2/Michael_Schumacher/Michael_Schumacher_plusv2_06.png
syn_Michael_Schumacher_07,Michael_Schumacher,accepted,0.599049,ok,processed/synth/syn-plusv2/Michael_Schumacher/Michael_Schumacher_plusv2_07.png
syn_Michael_Schumacher_08,Michael_Schumacher,accepted,0.456895,ok,processed/synth/syn-plusv2/Michael_Schumacher/Michael_Schumacher_plusv2_08.png
syn_Michael_Schumacher_09,Michael_Schumacher,accepted,0.600491,ok,processed/synth/syn-plusv2/Michael_Schumacher/Michael_Schumacher_plusv2_09.png
syn_Mohammed_Al-Douri_00,Mohammed_Al-Douri,accepted,0.590440,ok,processed/synth/syn-plusv2/Mohammed_Al-Douri/Mohammed_Al-Douri_plusv2_00.png
syn_Mohammed_Al-Douri_01,Mohammed_Al-Douri,accepted,0.607832,ok,processed/synth/syn-plusv2/Mohammed_Al-Douri/Mohammed_Al-Douri_plusv2_01.png
syn_Mohammed_Al-Douri_02,Mohammed_Al-Douri,accepted,0.584755,ok,processed/synth/syn-plusv2/Mohammed_Al-Douri/Mohammed_Al-Douri_plusv2_02.png
syn_Mohammed_Al-Douri_03,Mohammed_Al-Douri,accepted,0.631621,ok,processed/synth/syn-plusv2/Mohammed_Al-Douri/Mohammed_Al-Douri_plusv2_03.png
syn_Mohammed_Al-Douri_04,Mohammed_Al-Douri,rejected,0.631053,redundant,processed/synth/syn-plusv2/Mohammed_Al-Douri/Mohammed_Al-Douri_plusv2_04.png
syn_Mohammed_Al-Douri_05,Mohammed_Al-Douri,accepted,0.524563,ok,processed/synth/syn-plusv2/Mohammed_Al-Douri/Mohammed_Al-Douri_plusv2_05.png
syn_Mohammed_Al-Douri_06,Mohammed_Al-Douri,accepted,0.534900,ok,processed/synth/syn-plusv2/Mohammed_Al-Douri/Mohammed_Al-Douri_plusv2_06.png
syn_Mohammed_Al-Douri_07,Mohammed_Al-Douri,accepted,0.588567,ok,processed/synth/syn-plusv2/Mohammed_Al-Douri/Mohammed_Al-Douri_plusv2_07.png
syn_Mohammed_Al-Douri_08,Mohammed_Al-Douri,accepted,0.534092,ok,processed/synth/syn-plusv2/Mohammed_Al-Douri/Mohammed_Al-Douri_plusv2_08.png
syn_Mohammed_Al-Douri_09,Mohammed_Al-Douri,rejected,0.384794,ok,processed/synth/syn-plusv2/Mohammed_Al-Douri/Mohammed_Al-Douri_plusv2_09.png
syn_Nancy_Pelosi_00,Nancy_Pelosi,accepted,0.628863,ok,processed/synth/syn-plusv2/Nancy_Pelosi/Nancy_Pelosi_plusv2_00.png
syn_Nancy_Pelosi_01,Nancy_Pelosi,accepted,0.680434,ok,processed/synth/syn-plusv2/Nancy_Pelosi/Nancy_Pelosi_plusv2_01.png
syn_Nancy_Pelosi_02,Nancy_Pelosi,accepted,0.667751,ok,processed/synth/syn-plusv2/Nancy_Pelosi/Nancy_Pelosi_plusv2_02.png
syn_Nancy_Pelosi_03,Nancy_Pelosi,rejected,0.720725,redundant,processed/synth/syn-plusv2/Nancy_Pelosi/Nancy_Pelosi_plusv2_03.png
syn_Nancy_Pelosi_04,Nancy_Pelosi,accepted,0.613129,ok,processed/synth/syn-plusv2/Nancy_Pelosi/Nancy_Pelosi_plusv2_04.png
syn_Nancy_Pelosi_05,Nancy_Pelosi,accepted,0.621016,ok,processed/synth/syn-plusv2/Nancy_Pelosi/Nancy_Pelosi_plusv2_05.png
syn_Nancy_Pelosi_06,Nancy_Pelosi,rejected,0.654089,redundant,processed/synth/syn-plusv2/Nancy_Pelosi/Nancy_Pelosi_plusv2_06.png
syn_Nancy_Pelosi_07,Nancy_Pelosi,accepted,0.714454,ok,processed/synth/syn-plusv2/Nancy_Pelosi/Nancy_Pelosi_plusv2_07.png
syn_Nancy_Pelosi_08,Nancy_Pelosi,accepted,0.661527,ok,processed/synth/syn-plusv2/Nancy_Pelosi/Nancy_Pelosi_plusv2_08.png
syn_Nancy_Pelosi_09,Nancy_Pelosi,accepted,0.632035,ok,processed/synth/syn-plusv2/Nancy_Pelosi/Nancy_Pelosi_plusv2_09.png
syn_Naomi_Watts_00,Naomi_Watts,accepted,0.602507,ok,processed/synth/syn-plusv2/Naomi_Watts/Naomi_Watts_plusv2_00.png
syn_Naomi_Watts_01,Naomi_Watts,rejected,0.722957,redundant,processed/synth/syn-plusv2/Naomi_Watts/Naomi_Watts_plusv2_01.png
syn_Naomi_Watts_02,Naomi_Watts,rejected,0.715089,redundant,processed/synth/syn-plusv2/Naomi_Watts/Naomi_Watts_plusv2_02.png
syn_Naomi_Watts_03,Naomi_Watts,accepted,0.558573,ok,processed/synth/syn-plusv2/Naomi_Watts/Naomi_Watts_plusv2_03.png
syn_Naomi_Watts_04,Naomi_Watts,accepted,0.704266,ok,processed/synth/syn-plusv2/Naomi_Watts/Naomi_Watts_plusv2_04.png
syn_Naomi_Watts_05,Naomi_Watts,accepted,0.525635,ok,processed/synth/syn-plusv2/Naomi_Watts/Naomi_Watts_plusv2_05.png
syn_Naomi_Watts_06,Naomi_Watts,accepted,0.532024,ok,processed/synth/syn-plusv2/Naomi_Watts/Naomi_Watts_plusv2_06.png
syn_Naomi_Watts_07,Naomi_Watts,accepted,0.633026,ok,processed/synth/syn-plusv2/Naomi_Watts/Naomi_Watts_plusv2_07.png
syn_Naomi_Watts_08,Naomi_Watts,accepted,0.568350,ok,processed/synth/syn-plusv2/Naomi_Watts/Naomi_Watts_plusv2_08.png
syn_Naomi_Watts_09,Naomi_Watts,accepted,0.697378,ok,processed/synth/syn-plusv2/Naomi_Watts/Naomi_Watts_plusv2_09.png
syn_Nestor_Kirchner_00,Nestor_Kirchner,rejected,0.748071,redundant,processed/synth/syn-plusv2/Nestor_Kirchner/Nestor_Kirchner_plusv2_00.png
syn_Nestor_Kirchner_01,Nestor_Kirchner,accepted,0.732926,ok,processed/synth/syn-plusv2/Nestor_Kirchner/Nestor_Kirchner_plusv2_01.png
syn_Nestor_Kirchner_02,Nestor_Kirchner,accepted,0.599149,ok,processed/synth/syn-plusv2/Nestor_Kirchner/Nestor_Kirchner_plusv2_02.png
syn_Nestor_Kirchner_03,Nestor_Kirchner,accepted,0.724416,ok,processed/synth/syn-plusv2/Nestor_Kirchner/Nestor_Kirchner_plusv2_03.png
syn_Nestor_Kirchner_04,Nestor_Kirchner,accepted,0.664396,ok,processed/synth/syn-plusv2/Nestor_Kirchner/Nestor_Kirchner_plusv2_04.png
syn_Nestor_Kirchner_05,Nestor_Kirchner,accepted,0.680807,ok,processed/synth/syn-plusv2/Nestor_Kirchner/Nestor_Kirchner_plusv2_05.png
syn_Nestor_Kirchner_06,Nestor_Kirchner,accepted,0.457636,ok,processed/synth/syn-plusv2/Nestor_Kirchner/Nestor_Kirchner_plusv2_06.png
syn_Nestor_Kirchner_07,Nestor_Kirchner,rejected,0.709120,redundant,processed/synth/syn-plusv2/Nestor_Kirchner/Nestor_Kirchner_plusv2_07.png
syn_Nestor_Kirchner_08,Nestor_Kirchner,accepted,0.697514,ok,processed/synth/syn-plusv2/Nestor_Kirchner/Nestor_Kirchner_plusv2_08.png
syn_Nestor_Kirchner_09,Nestor_Kirchner,accepted,0.710795,ok,processed/synth/syn-plusv2/Nestor_Kirchner/Nestor_Kirchner_plusv2_09.png
syn_Nicole_Kidman_00,Nicole_Kidman,accepted,0.566803,ok,processed/synth/syn-plusv2/Nicole_Kidman/Nicole_Kidman_plusv2_00.png
syn_Nicole_Kidman_01,Nicole_Kidman,rejected,0.643004,redundant,processed/synth/syn-plusv2/Nicole_Kidman/Nicole_Kidman_plusv2_01.png
syn_Nicole_Kidman_02,Nicole_Kidman,rejected,0.614361,redundant,processed/synth/syn-plusv2/Nicole_Kidman/Nicole_Kidman_plusv2_02.png
syn_Nicole_Kidman_03,Nicole_Kidman,accepted,0.631375,ok,processed/synth/syn-plusv2/Nicole_Kidman/Nicole_Kidman_plusv2_03.png
syn_Nicole_Kidman_04,Nicole_Kidman,accepted,0.502171,ok,processed/synth/syn-plusv2/Nicole_Kidman/Nicole_Kidman_plusv2_04.png
syn_Nicole_Kidman_05,Nicole_Kidman,accepted,0.657024,ok,processed/synth/syn-plusv2/Nicole_Kidman/Nicole_Kidman_plusv2_05.png
syn_Nicole_Kidman_06,Nicole_Kidman,accepted,0.590230,ok,processed/synth/syn-plusv2/Nicole_Kidman/Nicole_Kidman_plusv2_06.png
syn_Nicole_Kidman_07,Nicole_Kidman,accepted,0.630008,ok,processed/synth/syn-plusv2/Nicole_Kidman/Nicole_Kidman_plusv2_07.png
syn_Nicole_Kidman_08,Nicole_Kidman,accepted,0.629172,ok,processed/synth/syn-plusv2/Nicole_Kidman/Nicole_Kidman_plusv2_08.png
syn_Nicole_Kidman_09,Nicole_Kidman,accepted,0.640840,ok,processed/synth/syn-plusv2/Nicole_Kidman/Nicole_Kidman_plusv2_09.png
syn_Norah_Jones_00,Norah_Jones,accepted,0.644759,ok,processed/synth/syn-plusv2/Norah_Jones/Norah_Jones_plusv2_00.png
syn_Norah_Jones_01,Norah_Jones,accepted,0.575969,ok,processed/synth/syn-plusv2/Norah_Jones/Norah_Jones_plusv2_01.png
syn_Norah_Jones_02,Norah_Jones,rejected,0.690328,redundant,processed/synth/syn-plusv2/Norah_Jones/Norah_Jones_plusv2_02.png
syn_Norah_Jones_03,Norah_Jones,accepted,0.680089,ok,processed/synth/syn-plusv2/Norah_Jones/Norah_Jones_plusv2_03.png
syn_Norah_Jones_04,Norah_Jones,accepted,0.624266,ok,processed/synth/syn-plusv2/Norah_Jones/Norah_Jones_plusv2_04.png
syn_Norah_Jones_05,Norah_Jones,accepted,0.681270,ok,processed/synth/syn-plusv2/Norah_Jones/Norah_Jones_plusv2_05.png
syn_Norah_Jones_06,Norah_Jones,rejected,0.716426,redundant,processed/synth/syn-plusv2/Norah_Jones/Norah_Jones_plusv2_06.png
syn_Norah_Jones_07,Norah_Jones,accepted,0.650765,ok,processed/synth/syn-plusv2/Norah_Jones/Norah_Jones_plusv2_07.png
syn_Norah_Jones_08,Norah_Jones,accepted,0.588093,ok,processed/synth/syn-plusv2/Norah_Jones/Norah_Jones_plusv2_08.png
syn_Norah_Jones_09,Norah_Jones,accepted,0.680755,ok,processed/synth/syn-plusv2/Norah_Jones/Norah_Jones_plusv2_09.png
syn_Paul_Bremer_00,Paul_Bremer,accepted,0.485562,ok,processed/synth/syn-plusv2/Paul_Bremer/Paul_Bremer_plusv2_00.png
syn_Paul_Bremer_01,Paul_Bremer,rejected,0.506747,redundant,processed/synth/syn-plusv2/Paul_Bremer/Paul_Bremer_plusv2_01.png
syn_Paul_Bremer_02,Paul_Bremer,accepted,0.473635,ok,processed/synth/syn-plusv2/Paul_Bremer/Paul_Bremer_plusv2_02.png
syn_Paul_Bremer_03,Paul_Bremer,accepted,0.492834,ok,processed/synth/syn-plusv2/Paul_Bremer/Paul_Bremer_plusv2_03.png
syn_Paul_Bremer_04,Paul_Bremer,accepted,0.458741,ok,processed/synth/syn-plusv2/Paul_Bremer/Paul_Bremer_plusv2_04.png
syn_Paul_Bremer_05,Paul_Bremer,accepted,0.502199,ok,processed/synth/syn-plusv2/Paul_Bremer/Paul_Bremer_plusv2_05.png
syn_Paul_Bremer_06,Paul_Bremer,rejected,0.392213,ok,processed/synth/syn-plusv2/Paul_Bremer/Paul_Bremer_plusv2_06.png
syn_Paul_Bremer_07,Paul_Bremer,accepted,0.490490,ok,processed/synth/syn-plusv2/Paul_Bremer/Paul_Bremer_plusv2_07.png
syn_Paul_Bremer_08,Paul_Bremer,accepted,0.489538,ok,processed/synth/syn-plusv2/Paul_Bremer/Paul_Bremer_plusv2_08.png
syn_Paul_Bremer_09,Paul_Bremer,accepted,0.506035,ok,processed/synth/syn-plusv2/Paul_Bremer/Paul_Bremer_plusv2_09.png
syn_Pervez_Musharraf_00,Pervez_Musharraf,accepted,0.611575,ok,processed/synth/syn-plusv2/Pervez_Musharraf/Pervez_Musharraf_plusv2_00.png
syn_Pervez_Musharraf_01,Pervez_Musharraf,rejected,0.625815,redundant,processed/synth/syn-plusv2/Pervez_Musharraf/Pervez_Musharraf_plusv2_01.png
syn_Pervez_Musharraf_02,Pervez_Musharraf,accepted,0.562574,ok,processed/synth/syn-plusv2/Pervez_Musharraf/Pervez_Musharraf_plusv2_02.png
syn_Pervez_Musharraf_03,Pervez_Musharraf,accepted,0.606554,ok,processed/synth/syn-plusv2/Pervez_Musharraf/Pervez_Musharraf_plusv2_03.png
syn_Pervez_Musharraf_04,Pervez_Musharraf,rejected,0.665040,redundant,processed/synth/syn-plusv2/Pervez_Musharraf/Pervez_Musharraf_plusv2_04.png
syn_Pervez_Musharraf_05,Pervez_Musharraf,accepted,0.559666,ok,processed/synth/syn-plusv2/Pervez_Musharraf/Pervez_Musharraf_plusv2_05.png
syn_Pervez_Musharraf_06,Pervez_Musharraf,accepted,0.580886,ok,processed/synth/syn-plusv2/Pervez_Musharraf/Pervez_Musharraf_plusv2_06.png
syn_Pervez_Musharraf_07,Pervez_Musharraf,accepted,0.646032,ok,processed/synth/syn-plusv2/Pervez_Musharraf/Pervez_Musharraf_plusv2_07.png
syn_Pervez_Musharraf_08,Pervez_Musharraf,accepted,0.576206,ok,processed/synth/syn-plusv2/Pervez_Musharraf/Pervez_Musharraf_plusv2_08.png
syn_Pervez_Musharraf_09,Pervez_Musharraf,accepted,0.593039,ok,processed/synth/syn-plusv2/Pervez_Musharraf/Pervez_Musharraf_plusv2_09.png
syn_Pete_Sampras_00,Pete_Sampras,accepted,0.647384,ok,processed/synth/syn-plusv2/Pete_Sampras/Pete_Sampras_plusv2_00.png
syn_Pete_Sampras_01,Pete_Sampras,rejected,0.606751,redundant,processed/synth/syn-plusv2/Pete_Sampras/Pete_Sampras_plusv2_01.png
syn_Pete_Sampras_02,Pete_Sampras,accepted,0.475592,ok,processed/synth/syn-plusv2/Pete_Sampras/Pete_Sampras_plusv2_02.png
syn_Pete_Sampras_03,Pete_Sampras,accepted,0.598630,ok,processed/synth/syn-plusv2/Pete_Sampras/Pete_Sampras_plusv2_03.png
syn_Pete_Sampras_04,Pete_Sampras,accepted,0.649348,ok,processed/synth/syn-plusv2/Pete_Sampras/Pete_Sampras_plusv2_04.png
syn_Pete_Sampras_05,Pete_Sampras,accepted,0.681667,ok,processed/synth/syn-plusv2/Pete_Sampras/Pete_Sampras_plusv2_05.png
syn_Pete_Sampras_06,Pete_Sampras,accepted,0.598138,ok,processed/synth/syn-plusv2/Pete_Sampras/Pete_Sampras_plusv2_06.png
syn_Pete_Sampras_07,Pete_Sampras,accepted,0.618272,ok,processed/synth/syn-plusv2/Pete_Sampras/Pete_Sampras_plusv2_07.png
syn_Pete_Sampras_08,Pete_Sampras,accepted,0.718086,ok,processed/synth/syn-plusv2/Pete_Sampras/Pete_Sampras_plusv2_08.png
syn_Pete_Sampras_09,Pete_Sampras,rejected,0.667026,redundant,processed/synth/syn-plusv2/Pete_Sampras/Pete_Sampras_plusv2_09.png
syn_Pierce_Brosnan_00,Pierce_Brosnan,rejected,0.667294,redundant,processed/synth/syn-plusv2/Pierce_Brosnan/Pierce_Brosnan_plusv2_00.png
syn_Pierce_Brosnan_01,Pierce_Brosnan,accepted,0.551441,ok,processed/synth/syn-plusv2/Pierce_Brosnan/Pierce_Brosnan_plusv2_01.png
syn_Pierce_Brosnan_02,Pierce_Brosnan,accepted,0.632970,ok,processed/synth/syn-plusv2/Pierce_Brosnan/Pierce_Brosnan_plusv2_02.png
syn_Pierce_Brosnan_03,Pierce_Brosnan,accepted,0.570662,ok,processed/synth/syn-plusv2/Pierce_Brosnan/Pierce_Brosnan_plusv2_03.png
syn_Pierce_Brosnan_04,Pierce_Brosnan,accepted,0.625327,ok,processed/synth/syn-plusv2/Pierce_Brosnan/Pierce_Brosnan_plusv2_04.png
syn_Pierce_Brosnan_05,Pierce_Brosnan,accepted,0.541502,ok,processed/synth/syn-plusv2/Pierce_Brosnan/Pierce_Brosnan_plusv2_05.png
syn_Pierce_Brosnan_06,Pierce_Brosnan,accepted,0.536015,ok,processed/synth/syn-plusv2/Pierce_Brosnan/Pierce_Brosnan_plusv2_06.png
syn_Pierce_Brosnan_07,Pierce_Brosnan,rejected,0.620995,redundant,processed/synth/syn-plusv2/Pierce_Brosnan/Pierce_Brosnan_plusv2_07.png
syn_Pierce_Brosnan_08,Pierce_Brosnan,accepted,0.576288,ok,processed/synth/syn-plusv2/Pierce_Brosnan/Pierce_Brosnan_plusv2_08.png
syn_Pierce_Brosnan_09,Pierce_Brosnan,accepted,0.482997,ok,processed/synth/syn-plusv2/Pierce_Brosnan/Pierce_Brosnan_plusv2_09.png
syn_Recep_Tayyip_Erdogan_00,Recep_Tayyip_Erdogan,accepted,0.731790,ok,processed/synth/syn-plusv2/Recep_Tayyip_Erdogan/Recep_Tayyip_Erdogan_plusv2_00.png
syn_Recep_Tayyip_Erdogan_01,Recep_Tayyip_Erdogan,accepted,0.701125,ok,processed/synth/syn-plusv2/Recep_Tayyip_Erdogan/Recep_Tayyip_Erdogan_plusv2_01.png
syn_Recep_Tayyip_Erdogan_02,Recep_Tayyip_Erdogan,accepted,0.582923,ok,processed/synth/syn-plusv2/Recep_Tayyip_Erdogan/Recep_Tayyip_Erdogan_plusv2_02.png
syn_Recep_Tayyip_Erdogan_03,Recep_Tayyip_Erdogan,rejected,0.742274,redundant,processed/synth/syn-plusv2/Recep_Tayyip_Erdogan/Recep_Tayyip_Erdogan_plusv2_03.png
syn_Recep_Tayyip_Erdogan_04,Recep_Tayyip_Erdogan,accepted,0.581835,ok,processed/synth/syn-plusv2/Recep_Tayyip_Erdogan/Recep_Tayyip_Erdogan_plusv2_04.png
syn_Recep_Tayyip_Erdogan_05,Recep_Tayyip_Erdogan,rejected,0.740142,redundant,processed/synth/syn-plusv2/Recep_Tayyip_Erdogan/Recep_Tayyip_Erdogan_plusv2_05.png
syn_Recep_Tayyip_Erdogan_06,Recep_Tayyip_Erdogan,accepted,0.640638,ok,processed/synth/syn-plusv2/Recep_Tayyip_Erdogan/Recep_Tayyip_Erdogan_plusv2_06.png
syn_Recep_Tayyip_Erdogan_07,Recep_Tayyip_Erdogan,accepted,0.729857,ok,processed/synth/syn-plusv2/Recep_Tayyip_Erdogan/Recep_Tayyip_Erdogan_plusv2_07.png
syn_Recep_Tayyip_Erdogan_08,Recep_Tayyip_Erdogan,accepted,0.658999,ok,processed/synth/syn-plusv2/Recep_Tayyip_Erdogan/Recep_Tayyip_Erdogan_plusv2_08.png
syn_Recep_Tayyip_Erdogan_09,Recep_Tayyip_Erdogan,accepted,0.713124,ok,processed/synth/syn-plusv2/Recep_Tayyip_Erdogan/Recep_Tayyip_Erdogan_plusv2_09.png
syn_Renee_Zellweger_00,Renee_Zellweger,accepted,0.712468,ok,processed/synth/syn-plusv2/Renee_Zellweger/Renee_Zellweger_plusv2_00.png
syn_Renee_Zellweger_01,Renee_Zellweger,rejected,0.771166,redundant,processed/synth/syn-plusv2/Renee_Zellweger/Renee_Zellweger_plusv2_01.png
syn_Renee_Zellweger_02,Renee_Zellweger,accepted,0.742094,ok,processed/synth/syn-plusv2/Renee_Zellweger/Renee_Zellweger_plusv2_02.png
syn_Renee_Zellweger_03,Renee_Zellweger,accepted,0.774126,ok,processed/synth/syn-plusv2/Renee_Zellweger/Renee_Zellweger_plusv2_03.png
syn_Renee_Zellweger_04,Renee_Zellweger,accepted,0.691560,ok,processed/synth/syn-plusv2/Renee_Zellweger/Renee_Zellweger_plusv2_04.png
syn_Renee_Zellweger_05,Renee_Zellweger,accepted,0.717682,ok,processed/synth/syn-plusv2/Renee_Zellweger/Renee_Zellweger_plusv2_05.png
syn_Renee_Zellweger_06,Renee_Zellweger,accepted,0.547221,ok,processed/synth/syn-plusv2/Renee_Zellweger/Renee_Zellweger_plusv2_06.png
syn_Renee_Zellweger_07,Renee_Zellweger,rejected,0.716157,redundant,processed/synth/syn-plusv2/Renee_Zellweger/Renee_Zellweger_plusv2_07.png
syn_Renee_Zellweger_08,Renee_Zellweger,accepted,0.680817,ok,processed/synth/syn-plusv2/Renee_Zellweger/Renee_Zellweger_plusv2_08.png
syn_Renee_Zellweger_09,Renee_Zellweger,accepted,0.728046,ok,processed/synth/syn-plusv2/Renee_Zellweger/Renee_Zellweger_plusv2_09.png
syn_Ricardo_Lagos_00,Ricardo_Lagos,accepted,0.526038,ok,processed/synth/syn-plusv2/Ricardo_Lagos/Ricardo_Lagos_plusv2_00.png
syn_Ricardo_Lagos_01,Ricardo_Lagos,rejected,0.630354,redundant,processed/synth/syn-plusv2/Ricardo_Lagos/Ricardo_Lagos_plusv2_01.png
syn_Ricardo_Lagos_02,Ricardo_Lagos,accepted,0.612946,ok,processed/synth/syn-plusv2/Ricardo_Lagos/Ricardo_Lagos_plusv2_02.png
syn_Ricardo_Lagos_03,Ricardo_Lagos,accepted,0.611215,ok,processed/synth/syn-plusv2/Ricardo_Lagos/Ricardo_Lagos_plusv2_03.png
syn_Ricardo_Lagos_04,Ricardo_Lagos,accepted,0.603808,ok,processed/synth/syn-plusv2/Ricardo_Lagos/Ricardo_Lagos_plusv2_04.png
syn_Ricardo_Lagos_05,Ricardo_Lagos,accepted,0.583904,ok,processed/synth/syn-plusv2/Ricardo_Lagos/Ricardo_Lagos_plusv2_05.png
syn_Ricardo_Lagos_06,Ricardo_Lagos,accepted,0.560765,ok,processed/synth/syn-plusv2/Ricardo_Lagos/Ricardo_Lagos_plusv2_06.png
syn_Ricardo_Lagos_07,Ricardo_Lagos,accepted,0.648768,ok,processed/synth/syn-plusv2/Ricardo_Lagos/Ricardo_Lagos_plusv2_07.png
syn_Ricardo_Lagos_08,Ricardo_Lagos,accepted,0.652502,ok,processed/synth/syn-plusv2/Ricardo_Lagos/Ricardo_Lagos_plusv2_08.png
syn_Ricardo_Lagos_09,Ricardo_Lagos,rejected,0.664808,redundant,processed/synth/syn-plusv2/Ricardo_Lagos/Ricardo_Lagos_plusv2_09.png
syn_Richard_Myers_00,Richard_Myers,accepted,0.619879,ok,processed/synth/syn-plusv2/Richard_Myers/Richard_Myers_plusv2_00.png
syn_Richard_Myers_01,Richard_Myers,accepted,0.599526,ok,processed/synth/syn-plusv2/Richard_Myers/Richard_Myers_plusv2_01.png
syn_Richard_Myers_02,Richard_Myers,accepted,0.679991,ok,processed/synth/syn-plusv2/Richard_Myers/Richard_Myers_plusv2_02.png
syn_Richard_Myers_03,Richard_Myers,rejected,0.607732,redundant,processed/synth/syn-plusv2/Richard_Myers/Richard_Myers_plusv2_03.png
syn_Richard_Myers_04,Richard_Myers,accepted,0.566449,ok,processed/synth/syn-plusv2/Richard_Myers/Richard_Myers_plusv2_04.png
syn_Richard_Myers_05,Richard_Myers,accepted,0.570792,ok,processed/synth/syn-plusv2/Richard_Myers/Richard_Myers_plusv2_05.png
syn_Richard_Myers_06,Richard_Myers,accepted,0.530142,ok,processed/synth/syn-plusv2/Richard_Myers/Richard_Myers_plusv2_06.png
syn_Richard_Myers_07,Richard_Myers,accepted,0.613276,ok,processed/synth/syn-plusv2/Richard_Myers/Richard_Myers_plusv2_07.png
syn_Richard_Myers_08,Richard_Myers,rejected,0.616061,redundant,processed/synth/syn-plusv2/Richard_Myers/Richard_Myers_plusv2_08.png
syn_Richard_Myers_09,Richard_Myers,accepted,0.595811,ok,processed/synth/syn-plusv2/Richard_Myers/Richard_Myers_plusv2_09.png
syn_Roh_Moo-hyun_00,Roh_Moo-hyun,accepted,0.685914,ok,processed/synth/syn-plusv2/Roh_Moo-hyun/Roh_Moo-hyun_plusv2_00.png
syn_Roh_Moo-hyun_01,Roh_Moo-hyun,accepted,0.631895,ok,processed/synth/syn-plusv2/Roh_Moo-hyun/Roh_Moo-hyun_plusv2_01.png
syn_Roh_Moo-hyun_02,Roh_Moo-hyun,accepted,0.619823,ok,processed/synth/syn-plusv2/Roh_Moo-hyun/Roh_Moo-hyun_plusv2_02.png
syn_Roh_Moo-hyun_03,Roh_Moo-hyun,rejected,0.648843,redundant,processed/synth/syn-plusv2/Roh_Moo-hyun/Roh_Moo-hyun_plusv2_03.png
syn_Roh_Moo-hyun_04,Roh_Moo-hyun,accepted,0.734535,ok,processed/synth/syn-plusv2/Roh_Moo-hyun/Roh_Moo-hyun_plusv2_04.png
syn_Roh_Moo-hyun_05,Roh_Moo-hyun,rejected,0.654034,redundant,processed/synth/syn-plusv2/Roh_Moo-hyun/Roh_Moo-hyun_plusv2_05.png
syn_Roh_Moo-hyun_06,Roh_Moo-hyun,accepted,0.578613,ok,processed/synth/syn-plusv2/Roh_Moo-hyun/Roh_Moo-hyun_plusv2_06.png
syn_Roh_Moo-hyun_07,Roh_Moo-hyun,accepted,0.561105,ok,processed/synth/syn-plusv2/Roh_Moo-hyun/Roh_Moo-hyun_plusv2_07.png
syn_Roh_Moo-hyun_08,Roh_Moo-hyun,accepted,0.632118,ok,processed/synth/syn-plusv2/Roh_Moo-hyun/Roh_Moo-hyun_plusv2_08.png
syn_Roh_Moo-hyun_09,Roh_Moo-hyun,accepted,0.622080,ok,processed/synth/syn-plusv2/Roh_Moo-hyun/Roh_Moo-hyun_plusv2_09.png
syn_Rudolph_Giuliani_00,Rudolph_Giuliani,accepted,0.495677,ok,processed/synth/syn-plusv2/Rudolph_Giuliani/Rudolph_Giuliani_plusv2_00.png
syn_Rudolph_Giuliani_01,Rudolph_Giuliani,accepted,0.463051,ok,processed/synth/syn-plusv2/Rudolph_Giuliani/Rudolph_Giuliani_plusv2_01.png
syn_Rudolph_Giuliani_02,Rudolph_Giuliani,accepted,0.452084,ok,processed/synth/syn-plusv2/Rudolph_Giuliani/Rudolph_Giuliani_plusv2_02.png
syn_Rudolph_Giuliani_03,Rudolph_Giuliani,rejected,0.414245,ok,processed/synth/syn-plusv2/Rudolph_Giuliani/Rudolph_Giuliani_plusv2_03.png
syn_Rudolph_Giuliani_04,Rudolph_Giuliani,rejected,0.419841,ok,processed/synth/syn-plusv2/Rudolph_Giuliani/Rudolph_Giuliani_plusv2_04.png
syn_Rudolph_Giuliani_05,Rudolph_Giuliani,accepted,0.530690,ok,processed/synth/syn-plusv2/Rudolph_Giuliani/Rudolph_Giuliani_plusv2_05.png
syn_Rudolph_Giuliani_06,Rudolph_Giuliani,accepted,0.560925,ok,processed/synth/syn-plusv2/Rudolph_Giuliani/Rudolph_Giuliani_plusv2_06.png
syn_Rudolph_Giuliani_07,Rudolph_Giuliani,accepted,0.507874,ok,processed/synth/syn-plusv2/Rudolph_Giuliani/Rudolph_Giuliani_plusv2_07.png
syn_Rudolph_Giuliani_08,Rudolph_Giuliani,accepted,0.450560,ok,processed/synth/syn-plusv2/Rudolph_Giuliani/Rudolph_Giuliani_plusv2_08.png
syn_Rudolph_Giuliani_09,Rudolph_Giuliani,accepted,0.601396,ok,processed/synth/syn-plusv2/Rudolph_Giuliani/Rudolph_Giuliani_plusv2_09.png
syn_Saddam_Hussein_00,Saddam_Hussein,rejected,0.639318,redundant,processed/synth/syn-plusv2/Saddam_Hussein/Saddam_Hussein_plusv2_00.png
syn_Saddam_Hussein_01,Saddam_Hussein,accepted,0.686379,ok,processed/synth/syn-plusv2/Saddam_Hussein/Saddam_Hussein_plusv2_01.png
syn_Saddam_Hussein_02,Saddam_Hussein,accepted,0.679700,ok,processed/synth/syn-plusv2/Saddam_Hussein/Saddam_Hussein_plusv2_02.png
syn_Saddam_Hussein_03,Saddam_Hussein,accepted,0.659271,ok,processed/synth/syn-plusv2/Saddam_Hussein/Saddam_Hussein_plusv2_03.png
syn_Saddam_Hussein_04,Saddam_Hussein,accepted,0.676200,ok,processed/synth/syn-plusv2/Saddam_Hussein/Saddam_Hussein_plusv2_04.png
syn_Saddam_Hussein_05,Saddam_Hussein,accepted,0.627287,ok,processed/synth/syn-plusv2/Saddam_Hussein/Saddam_Hussein_plusv2_05.png
syn_Saddam_Hussein_06,Saddam_Hussein,accepted,0.667920,ok,processed/synth/syn-plusv2/Saddam_Hussein/Saddam_Hussein_plusv2_06.png
syn_Saddam_Hussein_07,Saddam_Hussein,accepted,0.594433,ok,processed/synth/syn-plusv2/Saddam_Hussein/Saddam_Hussein_plusv2_07.png
syn_Saddam_Hussein_08,Saddam_Hussein,rejected,0.724943,redundant,processed/synth/syn-plusv2/Saddam_Hussein/Saddam_Hussein_plusv2_08.png
syn_Saddam_Hussein_09,Saddam_Hussein,accepted,0.663665,ok,processed/synth/syn-plusv2/Saddam_Hussein/Saddam_Hussein_plusv2_09.png
syn_Serena_Williams_00,Serena_Williams,accepted,0.703319,ok,processed/synth/syn-plusv2/Serena_Williams/Serena_Williams_plusv2_00.png
syn_Serena_Williams_01,Serena_Williams,accepted,0.748317,ok,processed/synth/syn-plusv2/Serena_Williams/Serena_Williams_plusv2_01.png
syn_Serena_Williams_02,Serena_Williams,accepted,0.633274,ok,processed/synth/syn-plusv2/Serena_Williams/Serena_Williams_plusv2_02.png
syn_Serena_Williams_03,Serena_Williams,accepted,0.728714,ok,processed/synth/syn-plusv2/Serena_Williams/Serena_Williams_plusv2_03.png
syn_Serena_Williams_04,Serena_Williams,rejected,0.718779,redundant,processed/synth/syn-plusv2/Serena_Williams/Serena_Williams_plusv2_04.png
syn_Serena_Williams_05,Serena_Williams,accepted,0.714378,ok,processed/synth/syn-plusv2/Serena_Williams/Serena_Williams_plusv2_05.png
syn_Serena_Williams_06,Serena_Williams,accepted,0.565952,ok,processed/synth/syn-plusv2/Serena_Williams/Serena_Williams_plusv2_06.png
syn_Serena_Williams_07,Serena_Williams,accepted,0.657728,ok,processed/synth/syn-plusv2/Serena_Williams/Serena_Williams_plusv2_07.png
syn_Serena_Williams_08,Serena_Williams,accepted,0.612465,ok,processed/synth/syn-plusv2/Serena_Williams/Serena_Williams_plusv2_08.png
syn_Serena_Williams_09,Serena_Williams,rejected,0.667385,redundant,processed/synth/syn-plusv2/Serena_Williams/Serena_Williams_plusv2_09.png
syn_Silvio_Berlusconi_00,Silvio_Berlusconi,rejected,0.672090,redundant,processed/synth/syn-plusv2/Silvio_Berlusconi/Silvio_Berlusconi_plusv2_00.png
syn_Silvio_Berlusconi_01,Silvio_Berlusconi,accepted,0.614983,ok,processed/synth/syn-plusv2/Silvio_Berlusconi/Silvio_Berlusconi_plusv2_01.png
syn_Silvio_Berlusconi_02,Silvio_Berlusconi,accepted,0.651950,ok,processed/synth/syn-plusv2/Silvio_Berlusconi/Silvio_Berlusconi_plusv2_02.png
syn_Silvio_Berlusconi_03,Silvio_Berlusconi,accepted,0.646787,ok,processed/synth/syn-plusv2/Silvio_Berlusconi/Silvio_Berlusconi_plusv2_03.png
syn_Silvio_Berlusconi_04,Silvio_Berlusconi,accepted,0.641861,ok,processed/synth/syn-plusv2/Silvio_Berlusconi/Silvio_Berlusconi_plusv2_04.png
syn_Silvio_Berlusconi_05,Silvio_Berlusconi,accepted,0.631985,ok,processed/synth/syn-plusv2/Silvio_Berlusconi/Silvio_Berlusconi_plusv2_05.png
syn_Silvio_Berlusconi_06,Silvio_Berlusconi,accepted,0.663922,ok,processed/synth/syn-plusv2/Silvio_Berlusconi/Silvio_Berlusconi_plusv2_06.png
syn_Silvio_Berlusconi_07,Silvio_Berlusconi,accepted,0.588189,ok,processed/synth/syn-plusv2/Silvio_Berlusconi/Silvio_Berlusconi_plusv2_07.png
syn_Silvio_Berlusconi_08,Silvio_Berlusconi,rejected,0.662779,redundant,processed/synth/syn-plusv2/Silvio_Berlusconi/Silvio_Berlusconi_plusv2_08.png
syn_Silvio_Berlusconi_09,Silvio_Berlusconi,accepted,0.581756,ok,processed/synth/syn-plusv2/Silvio_Berlusconi/Silvio_Berlusconi_plusv2_09.png
syn_Spencer_Abraham_00,Spencer_Abraham,rejected,0.564323,redundant,processed/synth/syn-plusv2/Spencer_Abraham/Spencer_Abraham_plusv2_00.png
syn_Spencer_Abraham_01,Spencer_Abraham,accepted,0.575559,ok,processed/synth/syn-plusv2/Spencer_Abraham/Spencer_Abraham_plusv2_01.png
syn_Spencer_Abraham_02,Spencer_Abraham,accepted,0.487244,ok,processed/synth/syn-plusv2/Spencer_Abraham/Spencer_Abraham_plusv2_02.png
syn_Spencer_Abraham_03,Spencer_Abraham,accepted,0.461138,ok,processed/synth/syn-plusv2/Spencer_Abraham/Spencer_Abraham_plusv2_03.png
syn_Spencer_Abraham_04,Spencer_Abraham,accepted,0.617803,ok,processed/synth/syn-plusv2/Spencer_Abraham/Spencer_Abraham_plusv2_04.png
syn_Spencer_Abraham_05,Spencer_Abraham,accepted,0.589518,ok,processed/synth/syn-plusv2/Spencer_Abraham/Spencer_Abraham_plusv2_05.png
syn_Spencer_Abraham_06,Spencer_Abraham,accepted,0.536507,ok,processed/synth/syn-plusv2/Spencer_Abraham/Spencer_Abraham_plusv2_06.png
syn_Spencer_Abraham_07,Spencer_Abraham,rejected,0.585231,redundant,processed/synth/syn-plusv2/Spencer_Abraham/Spencer_Abraham_plusv2_07.png
syn_Spencer_Abraham_08,Spencer_Abraham,accepted,0.647703,ok,processed/synth/syn-plusv2/Spencer_Abraham/Spencer_Abraham_plusv2_08.png
syn_Spencer_Abraham_09,Spencer_Abraham,accepted,0.626097,ok,processed/synth/syn-plusv2/Spencer_Abraham/Spencer_Abraham_plusv2_09.png
syn_Taha_Yassin_Ramadan_00,Taha_Yassin_Ramadan,accepted,0.620976,ok,processed/synth/syn-plusv2/Taha_Yassin_Ramadan/Taha_Yassin_Ramadan_plusv2_00.png
syn_Taha_Yassin_Ramadan_01,Taha_Yassin_Ramadan,accepted,0.581319,ok,processed/synth/syn-plusv2/Taha_Yassin_Ramadan/Taha_Yassin_Ramadan_plusv2_01.png
syn_Taha_Yassin_Ramadan_02,Taha_Yassin_Ramadan,accepted,0.551408,ok,processed/synth/syn-plusv2/Taha_Yassin_Ramadan/Taha_Yassin_Ramadan_plusv2_02.png
syn_Taha_Yassin_Ramadan_03,Taha_Yassin_Ramadan,accepted,0.679217,ok,processed/synth/syn-plusv2/Taha_Yassin_Ramadan/Taha_Yassin_Ramadan_plusv2_03.png
syn_Taha_Yassin_Ramadan_04,Taha_Yassin_Ramadan,accepted,0.667915,ok,processed/synth/syn-plusv2/Taha_Yassin_Ramadan/Taha_Yassin_Ramadan_plusv2_04.png
syn_Taha_Yassin_Ramadan_05,Taha_Yassin_Ramadan,rejected,0.703525,redundant,processed/synth/syn-plusv2/Taha_Yassin_Ramadan/Taha_Yassin_Ramadan_plusv2_05.png
syn_Taha_Yassin_Ramadan_06,Taha_Yassin_Ramadan,accepted,0.644631,ok,processed/synth/syn-plusv2/Taha_Yassin_Ramadan/Taha_Yassin_Ramadan_plusv2_06.png
syn_Taha_Yassin_Ramadan_07,Taha_Yassin_Ramadan,accepted,0.666490,ok,processed/synth/syn-plusv2/Taha_Yassin_Ramadan/Taha_Yassin_Ramadan_plusv2_07.png
syn_Taha_Yassin_Ramadan_08,Taha_Yassin_Ramadan,rejected,0.699665,redundant,processed/synth/syn-plusv2/Taha_Yassin_Ramadan/Taha_Yassin_Ramadan_plusv2_08.png
syn_Taha_Yassin_Ramadan_09,Taha_Yassin_Ramadan,accepted,0.720610,ok,processed/synth/syn-plusv2/Taha_Yassin_Ramadan/Taha_Yassin_Ramadan_plusv2_09.png
syn_Tiger_Woods_00,Tiger_Woods,accepted,0.510883,ok,processed/synth/syn-plusv2/Tiger_Woods/Tiger_Woods_plusv2_00.png
syn_Tiger_Woods_01,Tiger_Woods,accepted,0.658183,ok,processed/synth/syn-plusv2/Tiger_Woods/Tiger_Woods_plusv2_01.png
syn_Tiger_Woods_02,Tiger_Woods,accepted,0.665232,ok,processed/synth/syn-plusv2/Tiger_Woods/Tiger_Woods_plusv2_02.png
syn_Tiger_Woods_03,Tiger_Woods,rejected,0.668388,redundant,processed/synth/syn-plusv2/Tiger_Woods/Tiger_Woods_plusv2_03.png
syn_Tiger_Woods_04,Tiger_Woods,accepted,0.651839,ok,processed/synth/syn-plusv2/Tiger_Woods/Tiger_Woods_plusv2_04.png
syn_Tiger_Woods_05,Tiger_Woods,accepted,0.634058,ok,processed/synth/syn-plusv2/Tiger_Woods/Tiger_Woods_plusv2_05.png
syn_Tiger_Woods_06,Tiger_Woods,accepted,0.700235,ok,processed/synth/syn-plusv2/Tiger_Woods/Tiger_Woods_plusv2_06.png
syn_Tiger_Woods_07,Tiger_Woods,accepted,0.735830,ok,processed/synth/syn-plusv2/Tiger_Woods/Tiger_Woods_plusv2_07.png
syn_Tiger_Woods_08,Tiger_Woods,accepted,0.688891,ok,processed/synth/syn-plusv2/Tiger_Woods/Tiger_Woods_plusv2_08.png
syn_Tiger_Woods_09,Tiger_Woods,rejected,0.685244,redundant,processed/synth/syn-plusv2/Tiger_Woods/Tiger_Woods_plusv2_09.png
syn_Tim_Henman_00,Tim_Henman,rejected,0.387029,ok,processed/synth/syn-plusv2/Tim_Henman/Tim_Henman_plusv2_00.png
syn_Tim_Henman_01,Tim_Henman,accepted,0.499694,ok,processed/synth/syn-plusv2/Tim_Henman/Tim_Henman_plusv2_01.png
syn_Tim_Henman_02,Tim_Henman,rejected,0.327419,ok,processed/synth/syn-plusv2/Tim_Henman/Tim_Henman_plusv2_02.png
syn_Tim_Henman_03,Tim_Henman,rejected,0.379282,ok,processed/synth/syn-plusv2/Tim_Henman/Tim_Henman_plusv2_03.png
syn_Tim_Henman_04,Tim_Henman,rejected,0.425548,ok,processed/synth/syn-plusv2/Tim_Henman/Tim_Henman_plusv2_04.png
syn_Tim_Henman_05,Tim_Henman,accepted,0.528130,ok,processed/synth/syn-plusv2/Tim_Henman/Tim_Henman_plusv2_05.png
syn_Tim_Henman_06,Tim_Henman,accepted,0.532170,ok,processed/synth/syn-plusv2/Tim_Henman/Tim_Henman_plusv2_06.png
syn_Tim_Henman_07,Tim_Henman,accepted,0.536386,ok,processed/synth/syn-plusv2/Tim_Henman/Tim_Henman_plusv2_07.png
syn_Tim_Henman_08,Tim_Henman,accepted,0.537338,ok,processed/synth/syn-plusv2/Tim_Henman/Tim_Henman_plusv2_08.png
syn_Tim_Henman_09,Tim_Henman,accepted,0.554259,ok,processed/synth/syn-plusv2/Tim_Henman/Tim_Henman_plusv2_09.png
syn_Tom_Daschle_00,Tom_Daschle,accepted,0.647798,ok,processed/synth/syn-plusv2/Tom_Daschle/Tom_Daschle_plusv2_00.png
syn_Tom_Daschle_01,Tom_Daschle,rejected,0.665382,redundant,processed/synth/syn-plusv2/Tom_Daschle/Tom_Daschle_plusv2_01.png
syn_Tom_Daschle_02,Tom_Daschle,accepted,0.511517,ok,processed/synth/syn-plusv2/Tom_Daschle/Tom_Daschle_plusv2_02.png
syn_Tom_Daschle_03,Tom_Daschle,accepted,0.681816,ok,processed/synth/syn-plusv2/Tom_Daschle/Tom_Daschle_plusv2_03.png
syn_Tom_Daschle_04,Tom_Daschle,accepted,0.596036,ok,processed/synth/syn-plusv2/Tom_Daschle/Tom_Daschle_plusv2_04.png
syn_Tom_Daschle_05,Tom_Daschle,accepted,0.627491,ok,processed/synth/syn-plusv2/Tom_Daschle/Tom_Daschle_plusv2_05.png
syn_Tom_Daschle_06,Tom_Daschle,rejected,0.266012,ok,processed/synth/syn-plusv2/Tom_Daschle/Tom_Daschle_plusv2_06.png
syn_Tom_Daschle_07,Tom_Daschle,accepted,0.618427,ok,processed/synth/syn-plusv2/Tom_Daschle/Tom_Daschle_plusv2_07.png
syn_Tom_Daschle_08,Tom_Daschle,accepted,0.508790,ok,processed/synth/syn-plusv2/Tom_Daschle/Tom_Daschle_plusv2_08.png
syn_Tom_Daschle_09,Tom_Daschle,accepted,0.601352,ok,processed/synth/syn-plusv2/Tom_Daschle/Tom_Daschle_plusv2_09.png
syn_Tom_Ridge_00,Tom_Ridge,accepted,0.617946,ok,processed/synth/syn-plusv2/Tom_Ridge/Tom_Ridge_plusv2_00.png
syn_Tom_Ridge_01,Tom_Ridge,accepted,0.554242,ok,processed/synth/syn-plusv2/Tom_Ridge/Tom_Ridge_plusv2_01.png
syn_Tom_Ridge_02,Tom_Ridge,rejected,0.424169,ok,processed/synth/syn-plusv2/Tom_Ridge/Tom_Ridge_plusv2_02.png
syn_Tom_Ridge_03,Tom_Ridge,accepted,0.570214,ok,processed/synth/syn-plusv2/Tom_Ridge/Tom_Ridge_plusv2_03.png
syn_Tom_Ridge_04,Tom_Ridge,accepted,0.516628,ok,processed/synth/syn-plusv2/Tom_Ridge/Tom_Ridge_plusv2_04.png
syn_Tom_Ridge_05,Tom_Ridge,accepted,0.482488,ok,processed/synth/syn-plusv2/Tom_Ridge/Tom_Ridge_plusv2_05.png
syn_Tom_Ridge_06,Tom_Ridge,rejected,0.605701,redundant,processed/synth/syn-plusv2/Tom_Ridge/Tom_Ridge_plusv2_06.png
syn_Tom_Ridge_07,Tom_Ridge,accepted,0.531940,ok,processed/synth/syn-plusv2/Tom_Ridge/Tom_Ridge_plusv2_07.png
syn_Tom_Ridge_08,Tom_Ridge,accepted,0.458192,ok,processed/synth/syn-plusv2/Tom_Ridge/Tom_Ridge_plusv2_08.png
syn_Tom_Ridge_09,Tom_Ridge,accepted,0.499527,ok,processed/synth/syn-plusv2/Tom_Ridge/Tom_Ridge_plusv2_09.png
syn_Tommy_Franks_00,Tommy_Franks,accepted,0.590396,ok,processed/synth/syn-plusv2/Tommy_Franks/Tommy_Franks_plusv2_00.png
syn_Tommy_Franks_01,Tommy_Franks,rejected,0.659624,redundant,processed/synth/syn-plusv2/Tommy_Franks/Tommy_Franks_plusv2_01.png
syn_Tommy_Franks_02,Tommy_Franks,accepted,0.542270,ok,processed/synth/syn-plusv2/Tommy_Franks/Tommy_Franks_plusv2_02.png
syn_Tommy_Franks_03,Tommy_Franks,accepted,0.549141,ok,processed/synth/syn-plusv2/Tommy_Franks/Tommy_Franks_plusv2_03.png
syn_Tommy_Franks_04,Tommy_Franks,rejected,0.649239,redundant,processed/synth/syn-plusv2/Tommy_Franks/Tommy_Franks_plusv2_04.png
syn_Tommy_Franks_05,Tommy_Franks,accepted,0.586726,ok,processed/synth/syn-plusv2/Tommy_Franks/Tommy_Franks_plusv2_05.png
syn_Tommy_Franks_06,Tommy_Franks,accepted,0.558891,ok,processed/synth/syn-plusv2/Tommy_Franks/Tommy_Franks_plusv2_06.png
syn_Tommy_Franks_07,Tommy_Franks,accepted,0.573303,ok,processed/synth/syn-plusv2/Tommy_Franks/Tommy_Franks_plusv2_07.png
syn_Tommy_Franks_08,Tommy_Franks,accepted,0.468099,ok,processed/synth/syn-plusv2/Tommy_Franks/Tommy_Franks_plusv2_08.png
syn_Tommy_Franks_09,Tommy_Franks,accepted,0.567030,ok,processed/synth/syn-plusv2/Tommy_Franks/Tommy_Franks_plusv2_09.png
syn_Tony_Blair_00,Tony_Blair,accepted,0.614351,ok,processed/synth/syn-plusv2/Tony_Blair/Tony_Blair_plusv2_00.png
syn_Tony_Blair_01,Tony_Blair,accepted,0.688171,ok,processed/synth/syn-plusv2/Tony_Blair/Tony_Blair_plusv2_01.png
syn_Tony_Blair_02,Tony_Blair,accepted,0.604181,ok,processed/synth/syn-plusv2/Tony_Blair/Tony_Blair_plusv2_02.png
syn_Tony_Blair_03,Tony_Blair,accepted,0.687827,ok,processed/synth/syn-plusv2/Tony_Blair/Tony_Blair_plusv2_03.png
syn_Tony_Blair_04,Tony_Blair,rejected,0.662736,redundant,processed/synth/syn-plusv2/Tony_Blair/Tony_Blair_plusv2_04.png
syn_Tony_Blair_05,Tony_Blair,accepted,0.587253,ok,processed/synth/syn-plusv2/Tony_Blair/Tony_Blair_plusv2_05.png
syn_Tony_Blair_06,Tony_Blair,accepted,0.554908,ok,processed/synth/syn-plusv2/Tony_Blair/Tony_Blair_plusv2_06.png
syn_Tony_Blair_07,Tony_Blair,accepted,0.611946,ok,processed/synth/syn-plusv2/Tony_Blair/Tony_Blair_plusv2_07.png
syn_Tony_Blair_08,Tony_Blair,rejected,0.637658,redundant,processed/synth/syn-plusv2/Tony_Blair/Tony_Blair_plusv2_08.png
syn_Tony_Blair_09,Tony_Blair,accepted,0.611043,ok,processed/synth/syn-plusv2/Tony_Blair/Tony_Blair_plusv2_09.png
syn_Trent_Lott_00,Trent_Lott,accepted,0.524167,ok,processed/synth/syn-plusv2/Trent_Lott/Trent_Lott_plusv2_00.png
syn_Trent_Lott_01,Trent_Lott,accepted,0.643350,ok,processed/synth/syn-plusv2/Trent_Lott/Trent_Lott_plusv2_01.png
syn_Trent_Lott_02,Trent_Lott,accepted,0.657610,ok,processed/synth/syn-plusv2/Trent_Lott/Trent_Lott_plusv2_02.png
syn_Trent_Lott_03,Trent_Lott,accepted,0.491952,ok,processed/synth/syn-plusv2/Trent_Lott/Trent_Lott_plusv2_03.png
syn_Trent_Lott_04,Trent_Lott,accepted,0.567683,ok,processed/synth/syn-plusv2/Trent_Lott/Trent_Lott_plusv2_04.png
syn_Trent_Lott_05,Trent_Lott,accepted,0.535207,ok,processed/synth/syn-plusv2/Trent_Lott/Trent_Lott_plusv2_05.png
syn_Trent_Lott_06,Trent_Lott,rejected,0.221965,ok,processed/synth/syn-plusv2/Trent_Lott/Trent_Lott_plusv2_06.png
syn_Trent_Lott_07,Trent_Lott,rejected,0.388965,ok,processed/synth/syn-plusv2/Trent_Lott/Trent_Lott_plusv2_07.png
syn_Trent_Lott_08,Trent_Lott,rejected,0.447531,ok,processed/synth/syn-plusv2/Trent_Lott/Trent_Lott_plusv2_08.png
syn_Trent_Lott_09,Trent_Lott,accepted,0.482989,ok,processed/synth/syn-plusv2/Trent_Lott/Trent_Lott_plusv2_09.png
syn_Venus_Williams_00,Venus_Williams,accepted,0.665507,ok,processed/synth/syn-plusv2/Venus_Williams/Venus_Williams_plusv2_00.png
syn_Venus_Williams_01,Venus_Williams,accepted,0.767399,ok,processed/synth/syn-plusv2/Venus_Williams/Venus_Williams_plusv2_01.png
syn_Venus_Williams_02,Venus_Williams,accepted,0.591322,ok,processed/synth/syn-plusv2/Venus_Williams/Venus_Williams_plusv2_02.png
syn_Venus_Williams_03,Venus_Williams,rejected,0.783129,redundant,processed/synth/syn-plusv2/Venus_Williams/Venus_Williams_plusv2_03.png
syn_Venus_Williams_04,Venus_Williams,accepted,0.768035,ok,processed/synth/syn-plusv2/Venus_Williams/Venus_Williams_plusv2_04.png
syn_Venus_Williams_05,Venus_Williams,accepted,0.752420,ok,processed/synth/syn-plusv2/Venus_Williams/Venus_Williams_plusv2_05.png
syn_Venus_Williams_06,Venus_Williams,rejected,0.706586,redundant,processed/synth/syn-plusv2/Venus_Williams/Venus_Williams_plusv2_06.png
syn_Venus_Williams_07,Venus_Williams,accepted,0.623252,ok,processed/synth/syn-plusv2/Venus_Williams/Venus_Williams_plusv2_07.png
syn_Venus_Williams_08,Venus_Williams,accepted,0.647960,ok,processed/synth/syn-plusv2/Venus_Williams/Venus_Williams_plusv2_08.png
syn_Venus_Williams_09,Venus_Williams,accepted,0.676646,ok,processed/synth/syn-plusv2/Venus_Williams/Venus_Williams_plusv2_09.png
syn_Vicente_Fox_00,Vicente_Fox,rejected,0.735872,redundant,processed/synth/syn-plusv2/Vicente_Fox/Vicente_Fox_plusv2_00.png
syn_Vicente_Fox_01,Vicente_Fox,rejected,0.722380,redundant,processed/synth/syn-plusv2/Vicente_Fox/Vicente_Fox_plusv2_01.png
syn_Vicente_Fox_02,Vicente_Fox,accepted,0.678009,ok,processed/synth/syn-plusv2/Vicente_Fox/Vicente_Fox_plusv2_02.png
syn_Vicente_Fox_03,Vicente_Fox,accepted,0.717021,ok,processed/synth/syn-plusv2/Vicente_Fox/Vicente_Fox_plusv2_03.png
syn_Vicente_Fox_04,Vicente_Fox,accepted,0.721486,ok,processed/synth/syn-plusv2/Vicente_Fox/Vicente_Fox_plusv2_04.png
syn_Vicente_Fox_05,Vicente_Fox,accepted,0.584021,ok,processed/synth/syn-plusv2/Vicente_Fox/Vicente_Fox_plusv2_05.png
syn_Vicente_Fox_06,Vicente_Fox,accepted,0.581319,ok,processed/synth/syn-plusv2/Vicente_Fox/Vicente_Fox_plusv2_06.png
syn_Vicente_Fox_07,Vicente_Fox,accepted,0.603920,ok,processed/synth/syn-plusv2/Vicente_Fox/Vicente_Fox_plusv2_07.png
syn_Vicente_Fox_08,Vicente_Fox,accepted,0.585886,ok,processed/synth/syn-plusv2/Vicente_Fox/Vicente_Fox_plusv2_08.png
syn_Vicente_Fox_09,Vicente_Fox,accepted,0.621050,ok,processed/synth/syn-plusv2/Vicente_Fox/Vicente_Fox_plusv2_09.png
syn_Vladimir_Putin_00,Vladimir_Putin,rejected,0.650780,redundant,processed/synth/syn-plusv2/Vladimir_Putin/Vladimir_Putin_plusv2_00.png
syn_Vladimir_Putin_01,Vladimir_Putin,accepted,0.624774,ok,processed/synth/syn-plusv2/Vladimir_Putin/Vladimir_Putin_plusv2_01.png
syn_Vladimir_Putin_02,Vladimir_Putin,accepted,0.593415,ok,processed/synth/syn-plusv2/Vladimir_Putin/Vladimir_Putin_plusv2_02.png
syn_Vladimir_Putin_03,Vladimir_Putin,accepted,0.683988,ok,processed/synth/syn-plusv2/Vladimir_Putin/Vladimir_Putin_plusv2_03.png
syn_Vladimir_Putin_04,Vladimir_Putin,accepted,0.721256,ok,processed/synth/syn-plusv2/Vladimir_Putin/Vladimir_Putin_plusv2_04.png
syn_Vladimir_Putin_05,Vladimir_Putin,accepted,0.650396,ok,processed/synth/syn-plusv2/Vladimir_Putin/Vladimir_Putin_plusv2_05.png
syn_Vladimir_Putin_06,Vladimir_Putin,accepted,0.599410,ok,processed/synth/syn-plusv2/Vladimir_Putin/Vladimir_Putin_plusv2_06.png
syn_Vladimir_Putin_07,Vladimir_Putin,rejected,0.686792,redundant,processed/synth/syn-plusv2/Vladimir_Putin/Vladimir_Putin_plusv2_07.png
syn_Vladimir_Putin_08,Vladimir_Putin,accepted,0.637309,ok,processed/synth/syn-plusv2/Vladimir_Putin/Vladimir_Putin_plusv2_08.png
syn_Vladimir_Putin_09,Vladimir_Putin,accepted,0.640247,ok,processed/synth/syn-plusv2/Vladimir_Putin/Vladimir_Putin_plusv2_09.png
syn_Winona_Ryder_00,Winona_Ryder,accepted,0.450464,ok,processed/synth/syn-plusv2/Winona_Ryder/Winona_Ryder_plusv2_00.png
syn_Winona_Ryder_01,Winona_Ryder,accepted,0.455154,ok,processed/synth/syn-plusv2/Winona_Ryder/Winona_Ryder_plusv2_01.png
syn_Winona_Ryder_02,Winona_Ryder,accepted,0.486160,ok,processed/synth/syn-plusv2/Winona_Ryder/Winona_Ryder_plusv2_02.png
syn_Winona_Ryder_03,Winona_Ryder,accepted,0.522358,ok,processed/synth/syn-plusv2/Winona_Ryder/Winona_Ryder_plusv2_03.png
syn_Winona_Ryder_04,Winona_Ryder,rejected,0.396517,ok,processed/synth/syn-plusv2/Winona_Ryder/Winona_Ryder_plusv2_04.png
syn_Winona_Ryder_05,Winona_Ryder,rejected,0.411827,ok,processed/synth/syn-plusv2/Winona_Ryder/Winona_Ryder_plusv2_05.png
syn_Winona_Ryder_06,Winona_Ryder,rejected,0.109672,ok,processed/synth/syn-plusv2/Winona_Ryder/Winona_Ryder_plusv2_06.png
syn_Winona_Ryder_07,Winona_Ryder,accepted,0.463536,ok,processed/synth/syn-plusv2/Winona_Ryder/Winona_Ryder_plusv2_07.png
syn_Winona_Ryder_08,Winona_Ryder,accepted,0.463210,ok,processed/synth/syn-plusv2/Winona_Ryder/Winona_Ryder_plusv2_08.png
syn_Winona_Ryder_09,Winona_Ryder,rejected,0.431341,ok,processed/synth/syn-plusv2/Winona_Ryder/Winona_Ryder_plusv2_09.png
